H-01,रक्षा विज्ञान (आयुध तथा टेकनोलॉजी),बाला डाँ.मन मोहन विंग कमा.,"प्रभात प्रकाशन ,दिल्ली  "
H-02,परिष्कृत हिन्दी व्याकरण,कपूर बदरीनाथ,"प्रभात प्रकाशन ,दिल्ली"
H-03,अतंरिक्ष की रोचक बातें ,मिश्र शिव गोपाल एवं आशुतोष  ,"प्रतिभा प्रतिष्ठान , नई दिल्ली "
H-04,कंम्प्यूटर और पुस्तकालय  ,शर्मा डा. पांडेय एस.के  ,ग्रंथ अकादमी नई दिल्ली 
H-05,माधव जी सिंधिया,वर्मा वृन्दावनलाल ,"प्रभात प्रकाशन ,दिल्ली"
H-06,परिष्कृत हिन्दी व्याकरण ,कपूर बदरीनाथ,"प्रभात प्रकाशन ,दिल्ली"
H-07,घातक रोगों से कैसे बचें,श्रीवास्तव डा. एम.पी. एवं शशि श्रीवास्तव,"प्रभात प्रकाशन ,दिल्ली"
H-08,कंम्प्यूटर और पुस्तकालय  ,शर्मा डा. पाडेय एस.के.   ,"ग्रंथ अकादमी, नई दिल्ली"
H-09,खेल-खेल में गणित,गुप्त डा.भगवान स्वरूप और डा. भूषण शैलेन्द्र ,"सत्साहित्य प्रकाशन, दिल्ली"
H-10,भौतिकी की रोचक बातें ,मिश्र शिवगोपाल ,"प्रतिभा प्रतिष्ठान, नई दिल्ली"
H-11,रसायन की रोचक बातें  ,ओझा डी.डी.,"प्रतिभा प्रतिष्ठान, नई दिल्ली"
H-12,भारतीय वैज्ञानिक ,कृष्ण मुरारी लाल श्रीवास्तव ,"प्रतिभा प्रतिष्ठान, नई दिल्ली"
H-13,प्रसिद्ध वैज्ञानिक और उनके आविष्कार ,सुरजीत,"प्रतिभा प्रतिष्ठान, नई दिल्ली"
H-14,झांसी की रानी लक्ष्मीबाई  ,वर्मा वृंदावनलाल,"प्रभात प्रकाशन ,दिल्ली"
H-15,आबेडकर चित्रमय जीवनी ,पटोरिया राजेन्द्र ,"प्रभात प्रकाशन ,दिल्ली"
H-16,पृथ्वी की रोचक बातें,शिव गोपाल मिश्र ,"प्रतिभा प्रतिष्ठान , नई दिल्ली"
H-17,चिकित्सा व्यवस्था पर व्यंग्य,शरण सं.गिरिराज,"प्रभात प्रकाशन, दिल्ली"
H-18,पुस्तकालय और समाज ,शर्मा डा.पांडेय एस.के.  ,"ग्रंथ अकादमी, नई दिल्ली"
H-19,ऐसा क़्यों होता है? ,तुरशन पाल पाठक ,"ज्ञान गंगा ,दिल्ली "
H-20,लेजर नई आशा किरण ,गर्ग राजीव ,"सत्साहित्य प्रकाशन ,दिल्ली  "
H-21,विज्ञान की बातें ,अखिलेश श्रीवास्तव ,"ग्रंथ अकादमी ,नई दिल्ली"
H-22,जल प्रदूषण ,मिश्र शिवगोपाल ,"ज्ञान गंगा ,दिल्ली"
H-23,ध्वनि प्रदूषण ,डी.डी.ओझा ,"ज्ञान गंगा ,दिल्ली"
H-24,अग्रेंजी हिन्दी शब्दों का ठीक प्रयोग ,कैलाश चन्द्र भाटिया ,"प्रभात प्रकाशन ,दिल्ली"
H-25,कार्यालय कार्यबोध ,कसंल हरिबाबू ,"प्रभात प्रकाशन ,दिल्ली"
H-26,प्रशासनिक हिन्दी निपुणता ,कसंल हरिबाबू ,"प्रभात प्रकाशन ,दिल्ली"
H-27,बृहत विश्व सूक्तिकोश खण्ड - 1,वर्मा डॉ.श्याम बहादुर एवं डॉ. मधु,"प्रभात प्रकाशन ,दिल्ली"
H-28,बृहत विश्व सूक्तिकोश खण्ड - 2,वर्मा डॉ.श्याम बहादुर एवं डॉ. मधु,"प्रभात प्रकाशन ,दिल्ली"
H-29,बृहत विश्व सूक्तिकोश खण्ड - 3,वर्मा डॉ.श्याम बहादुर एवं डॉ. मधु,"प्रभात प्रकाशन ,दिल्ली"
H-30,अग्रेंजी -हिन्दी  मुहवरा लोकोक़्ति कोश ,तिवारी भोलानाथ ,"प्रभात प्रकाशन ,दिल्ली"
H-31,अग्रेंजी -हिन्दी प्रशासनिक कोश ,भाटिया कैलाश चन्द्र  ,"प्रभात प्रकाशन ,दिल्ली"
H-32,हिन्दी - अग्रेजी अभिव्यक़्ति कोश ,भाटिया कैलाश चन्द्र  ,"प्रभात प्रकाशन ,दिल्ली"
H-33,अग्रेजी हिन्दी अभिव्यक़्ति कोश,भाटिया कैलाशचन्द्र ,"प्रभात प्रकाशन ,दिल्ली"
H-34,रसायन विज्ञान कोश  ,मिश्र डाँ.शिवगोपाल ,सत्साहित्य प्रकाशन दिल्ली
H-35,बृहत जीव विज्ञान कोश ,सूद डॉ. महेश्वर सिहं एवं डॉ. अरूण कुमार,"प्रतिभा प्रतिष्ठान , नई दिल्ली"
H-36,अग्रेंजी हिन्दी जन्तु विज्ञान कोश ,सूद डॉ. महेश्वर सिहं एवं अरूण कुमार,"प्रतिभा प्रतिष्ठान , नई दिल्ली"
H-37,मानक हिन्दी - अग्रेजी कोश ,राममूार्ति सिहं ,"प्रभात प्रकाशन ,दिल्ली"
H-38,आरोग्य शास्त्र ,आचार्य चतुर सेन ,"प्रभात प्रकाशन ,दिल्ली"
H-39,हार्ट अटैक ,शाह डॉ. नटुभाई जे. ,"प्रभात प्रकाशन ,दिल्ली"
H-40,घातक रोगों से कैसे बचें? ,श्रीवास्तव डा. एम.पी.एवं शशि  ,"प्रभात प्रकाशन ,दिल्ली"
H-41,मन के रोग,अग्रवाल डॉ. यतीश ,"प्रभात प्रकाशन ,दिल्ली"
H-42,रासायनिक तथ्य किंतु सत्य ,राय सुशीला ,"ग्रंथ अकादमी ,नई दिल्ली"
H-43,हिन्दी अंग्रेजी मुहावरा लोकोक़्ति कोश ,भाटिया कैलाशचंद्र ,"प्रभात प्रकाशन ,दिल्ली"
H-44,अग्रेंजी - हिन्दी प्रशासनिक कोश  ,भाटिया कैलाशचंद्र ,"प्रभात प्रकाशन ,दिल्ली"
H-45,पेड-पौधों की आश्चर्यजनक बातें,मनीश कुमार ,"विधाविहार, नई दिल्ली "
H-46,मानव और पर्यावरण  ,व्यास हरिशचंद्र एवं कैलाश ,"विधाविहार, नई दिल्ली"
H-47,प्रवासी जीव- जन्तु  ,शर्मा सुनील कुमार ,"सत्साहित्य प्रकाशन ,दिल्ली"
H-48,जीव-जतुंओ की आश्चर्यजनक बातें ,हेमललित ,"विधाविहार, नई दिल्ली"
H-49,अग्रेंजी -हिन्दी शब्दों का ठीक प्रयोग  ,भाटिया कैलाशचंद्र,"प्रभात प्रकाशन ,दिल्ली"
H-50,प्रशासनिक शब्द – मालाएँ ,शिवनारायण चतुर्वेदी ,"प्रतिभा प्रतिष्ठान , नई दिल्ली"
H-51,गणित के रोचक खेल,गुप्त डा.भगवान स्वरूप और डा. भूषण शैलेन्द्र,"विधाविहार, नई दिल्ली"
H-52,श्याम सुदंर शर्मा  ,प्राथमिक चिकित्सा ,"ग्रंथ अकादमी  , नई दिल्ली"
H-53,भोलानाथ तिवारी ,मानक हिन्दी का स्वरूप,"प्रभात प्रकाशन ,दिल्ली"
H-54,व्यावहारिक हिन्दी व्याकरण ,श्याम चन्द्र कपूर ,"प्रभात प्रकाशन ,दिल्ली"
H-55,आओं प्रयोग करें ,श्याम सुदंर शर्मा ,"ग्रंथ अकादमी  , नई दिल्ली"
H-56,राजभाषा सहायिका ,अवधेश मोहन गुप्त ,"प्रभात प्रकाशन ,दिल्ली"
H-57,सागर प्रदूषण ,श्याम सुदंर शर्मा ,"ज्ञान गंगा ,दिल्ली"
H-58,अनुवाद भाषाएँ समस्याएँ ,अय्यर एन.ई. विश्वनाथ  ,"ज्ञान गंगा ,दिल्ली"
H-59,अनुवाद कला ,अय्यर एन.ई. विश्वनाथ  ,"प्रभात प्रकाशन ,दिल्ली"
H-60,हिन्दी पर्यायवाची कोश ,तिवारी डाँ भोलानाथ ,"प्रभात प्रकाशन ,दिल्ली"
H-61,हिंन्दी और भारतीय भाषाएँ ,तिवारी भोलानाथ और सिंह कमल ,"प्रभात प्रकाशन ,दिल्ली"
H-62,अग्रेजी हिन्दी मुहावरा लोकोक़्ति कोश ,तिवारी भोलानाथ  ,"प्रभात प्रकाशन ,दिल्ली"
H-63,कीट- पतंगों की आश्चर्य जनक बातें ,प्रकाश रजनीश ,"विधाविहार, नई दिल्ली"
H-64,सागर विज्ञान ,श्याम सुदंर शर्मा,"सत्साहित्य प्रकाशन ,दिल्ली"
H-65,व्यावहारिक हिन्दी पत्राचार ,दंगल झाल्टें ,"विधाविहार, नई दिल्ली"
H-66,फिटर शॉप थ्योरी ,बडेहरा आर.पी. के.वी.लाल ,"एशियन पब्लिशर्श ,दिल्ली"
H-67,कार पेन्ट्री थ्योरी ,जतन सिहं नरूला ,"एशियन पब्लिशर्श ,दिल्ली"
H-68,कार पेन्ट्री थ्योरी ,नरूका जतन सिहं ,"एशियन पब्लिशर्श ,दिल्ली"
H-69,कर्मशाला गणना एवं विज्ञान ,आर.सी.शर्मा करन सिहं ,न्यू एशियन पब्लिशर्श
H-70,वर्कशॉप टेक़्नोलॉजी 1000 प्रश्नोत्तर  ,सिहं बलवीर सिंह  ,"एशियन पब्लिशर्श ,दिल्ली"
H-71,फिटर शॉप 1000 प्रश्नोत्तर ,लाल के.बी. एवं देव कपिल  ,"एशियन पब्लिशर्श ,दिल्ली"
H-72,टर्नर 1000 प्रश्नोत्तर ,लाल के.बी. एवं देव कपिल  ,"एशियन पब्लिशर्श ,दिल्ली"
H-73,वैल्डर 1000 प्रश्नोत्तर ,लाल के.बी. एवं देव कपिल ,"एशियन पब्लिशर्श ,दिल्ली"
H-74,इलैक़्ट्रिकल इन्जीनियरिगं 2100 प्रश्नोत्तर,शर्मा प्रमोद कुमार ,"एशियन पब्लिशर्श ,दिल्ली"
H-75,बेसिक इलैक़्ट्रिकल इजीनियरिगं ,एम.एल.अनवानी  ,"धनपत राय एण्ड संस. प्रा. ,दिल्ली"
H-76,आई .टी.आई इलैक़्ट्रिकल कैलकुलेशन ,एल.आर.हॅस ,"धनपत राय एण्ड संस. प्रा. ,दिल्ली "
H-77,बेसिक वर्कशॉप कैलकुलेशन तथा साइंस  ,हंस अनवानी ,"धनपत राय एण्ड संस. प्रा. ,दिल्ली"
H-78,एसी.तथा डी.सी.मोटर वाईडिंग ,पीताम्बर ,"धनपत राय एण्ड संस. प्रा. ,दिल्ली"
H-79,बेसिक इंजीनियरिगं ड्राइंग  ,एम.एल.अनवानी  ,"धनपत राय एण्ड संस. प्रा. ,दिल्ली"
H-80,बेसिक शॉप प्रैक़्टिकल्स इलै. इंजीनियरिगं,लेखराज हसं तथा अनवानी ,"धनपत राय एण्ड संस. प्रा. ,दिल्ली"
H-81,ट्रेड थ्योरी टर्नर ,यादव करन सिहं ,"धनपत राय एण्ड संस. प्रा. ,दिल्ली"
H-82,ट्रेड थ्योरी फिटर,यादव करन सिहं ,"धनपत राय एण्ड संस. प्रा. ,दिल्ली"
H-83,ट्रेड थ्योरी मशीनिस्ट  ,यादव करन सिंह ,"धनपत राय एण्ड संस. प्रा. ,दिल्ली"
H-84,बेसिक रेफीजिरेशन एवं एयर कण्डी.,चौहान एस.के. ,"धनपत राय एण्ड संस. प्रा. ,दिल्ली"
H-85,टूल एण्ड डाई मेकिंग ,शर्मा टी.आर.,"धनपत राय एण्ड संस. प्रा. ,दिल्ली "
H-86,मेकेनिकल ड्राफ्ट्समैन ,टम्टा जी.एल. ,"धनपत राय एण्ड संस. प्रा. ,दिल्ली"
H-87,मशीन ड्राइंग एवं मेकेनिकल ड्राफ्ट्समैन,टम्टा जी.एल. ,"धनपत राय एण्ड संस. प्रा. ,दिल्ली"
H-88,शक़्ति प्रणाली प्रचालन  ,राय डां.एच. एम. ,दीपक प्रकाशन ग्वालियर 
H-89,वैधुत ड्रांइग आकलन एवं लागत ,कुरैशी एम. एफ. ,दीपक प्रकाशन ग्वालियर 
H-90,संस्थापन अनुरक्षण एवं परिक्षण ,कुरैशी एम. एफ.,दीपक प्रकाशन ग्वालियर 
H-91,औधोगिक इलैक़्ट्रोनिक्स  ,गुप्ता डी.सी. ,दीपक प्रकाशन ग्वालियर
H-92,संचरण वितरण एवं सुरक्षा  ,यूनिवर्सल पालीटेक़्निक कवे. बैक,दीपक प्रकाशन ग्वालियर
H-93,विधुत शक़्ति जनन उपयोग  ,यूनिवर्सल पालीटेक़्निक कवे. बैक,दीपक प्रकाशन ग्वालियर
H-94,राजभाषा प्रबंधन ,केसव हरिबाबू एवं महाजन  ,सुधांशु बन्धु 
H-95,राजभाषा आदेशसार ,केसव हरिबाबू,सुधांशु बन्धु
H-96,राजभाषा राजनीति कार्यान्वयन ,केसव हरिबाबू,सुधांशु बन्धु
H-97,देववाणी ,विवेकानन्द स्वामी ,राम-कृष्ण मठ नागफुर 
H-98,मानसरोवर भाग- 1,प्रेमचंद्र ,"प्रकाशन संस्थान , नई दिल्ली"
H-99,स्वास्थ्य की सही दिशा- प्राकृतिक चिकित्सा,घीरेन गाला ,नवनीत पब्लिकेशन्स इ.(लि.)
H-100,पशु चिकित्सा विज्ञान की मूलभूत शब्दावली ,कम्प्यूटरीकृत डाटाबेस,वैज्ञानिक तथा तकनीकी शब्दावली आयोग
H-101,हिन्दी गजल- गजलकारों की नजर में  ,मुजावर सरदार  ,"वाणी प्रकाशन , नई दिल्ली"
H-102,स्वदेशी चिकित्सा के चमत्कार ,मेहता अजीत ,कल्याण चिकित्सक प्रकाशन 
H-103,जडी बूटियों द्वारा स्वास्थ्य सरंक्षण ,ब्रम्हवर्चस,श्री वेदमाता गायत्री ट्रस्ट 
H-104,पर्यावरण और जल प्रदूषण ,सिहं निशांत ,"सन्मार्ग प्रकाशन ,दिल्ली"
H-105,पर्यावरण प्रदूषण ,श्रीवास्तव गोपीनाथ,"सुनील साहित्य सदन ,दिल्ली"
H-106,स्वदेशी चिकित्सा सार ,मेहता डॉ.अजीत ,कल्याण चिकित्सक प्रकाशन जयपुर
H-107,भारतीय संस्कृति आधार भूत तत्व ,ब्रम्हवर्चस ,अखण्ड ज्योति संस्थान मथुरा 
H-108,दस प्रतिनिधि कहानियाँ ,अमरकान्त ,"किताब घर , नई दिल्ली"
H-109,योगासन एवं स्वास्थ्य सुरक्षा ,शाह चिनुभाई ,"विवेकानन्द केन्द्र ,ग्वा."
H-110,गेहूँ के ज्वारे ,कपिल सुरेन्द्र ,"नारायण प्रकाशक ,जयपुर "
H-111,अदरक ,गुप्ता राजकुमारी ,"नारायण प्रकाशक , जयपुर"
H-112,हिन्दी गजल शतक ,गर्ग शेरजंग ,"किताब घर प्रकाशन, नई दिल्ली "
H-113,क़्या खायें और क़्यों?  ,चौहान डाँ.गणेश नारायण ,"पापुलर बुक डिपो,  जयपुर "
H-114,सूरज किरण चिकित्सा ,मेहता डा.अजीत ,कल्याण चिकित्सा प्रकाशन जयपुर
H-115,हिन्दी साहित्य का इतिहास  ,शुक़्ल आचार्य रामचंद्र  ,"प्रकाशन संस्थान , नई दिल्ली"
H-116,पर्यावरण शिक्षा ,मलिक जसवीर सिहं ,"सत्यम पब्लिशिंग हाऊस,दिल्ली "
H-117,वर्तमान भारत ,विवेकानन्द स्वामी ,"विवेकानन्द केन्द्र ,ग्वा."
H-118,योग - जीवन विज्ञान एवं जीने की कला ,सरोदे अनिल ,"विवेकानन्द केन्द्र ,ग्वा."
H-119,रोगों की सही चिकित्सा ,नीरज नागेन्द्र कुमार ,"जयपुर बुक हाऊस, जयपुर"
H-120,सरल प्राकृतिक चिकित्सा,रस्तोगी राजीव ,"श्याम प्रकाशन , जयपुर"
H-121,झीनी झीनी बीनी चदरियाँ  ,अब्दुल बिास्मिल्लाह ,"राजकमल प्रकाशन , नई दिल्ली"
H-122,प्राकृतिक चिकित्सा दमा के लिए,,सेवक राम प्राकृतिक चि. केन्द्र नई दिल्ली
H-123,हल्दी और हींग ,गुप्ता राजकुमारी ,"पापुलर बुक डिपो,  जयपुर"
H-124,प्राकृतिक चिकित्सा मधुमेह के लिये ,लोक सेवा मण्डल ,सेवक राम प्राकृतिक चिकित्सा केन्द्र नई दिल्ली
H-125,प्राकृतिक चिकित्सा की सच्ची समझ,,आणंद डॉ कांति भाई शाह 
H-126,शक़्तिवर्धक भोजन ,चौहान डॉ. गणेश नारायण ,"पापुलर बुक डिपो,  जयपुर"
H-127,हिन्दी गजल दशा और दिशा ,नरेश ,"वाणी प्रकाशन , नई दिल्ली "
H-128,लहसुन एवं प्याज ,चौहान डॉ. गणेश नारायण,"पापुलर बुक डिपो,  जयपुर"
H-129,घर का वैध दही - मटठा ,अग्रवाल राधेश्याम ,"मनोज पब्लिकेशन, नई दिल्ली "
H-130,शहद ,रस्तोगी युगप्रभा ,"पापुलर बुक डिपो ,  जयपुर"
H-131,मधुमेह लाइलाज नहीं है ,नीरज कुमार नागेन्द्र ,"पापुलर बुक डिपो ,  जयपुर"
H-132,नीम का पेड ,राही रजा मासुम ,"राजकमल प्रकाशन , नई दिल्ली"
H-133,गैस ट्रबल और उसकी चिकित्सा  ,क्षत्रिय सिंह मोहन ,"मेडीकल हाऊस,  नई दिल्ली"
H-134,प्राकृतिक भौतिकी की मूलभूत शब्दावली ,कम्प्यूटरीकृत डाटाबेस ,वैज्ञानिक तथा तकनीकी शब्दावली आयोग
H-135,जल चिकित्सा ,अग्रवाल आर.एस. ,"मनोज पब्लिकेशन ,दिल्ली"
H-136,हिन्दुस्तानी गजलें ,कमलेश्वर ,राजपाल 
H-137,प्रेम तपस्वी ,दिव्य अम्बिकाप्रसाद ,"भारतीय ज्ञानपीठ ,दिल्ली "
H-138,मुझे चाँद चाहिए ,वर्मा सुरेन्द्र  ,"राधा —कृष्ण प्रकाशन प्रा.लि. ,दिल्ली"
H-139,अहिंसक चिकित्सा पघ्दतियाँ ,मेहता अजीत ,कल्याण चिकित्सा प्रकाशन जयपुर
H-140,भोजन के द्वारा चिकित्सा भाग-1,चौहान नारायण गणेश ,"पापुलर बुक डिपो,  जयपुर"
H-141,भोजन के द्वारा चिकित्सा भाग-2,चौहान नारायण गणेश ,"पापुलर बुक डिपो,  जयपुर"
H-142,कोहली नरेन्द्र ,महासागर ,"वाणी प्रकाशन , नई दिल्ली"
H-143,कोहली नरेन्द्र ,धर्म -  महासागर -4,"वाणी प्रकाशन , नई दिल्ली"
H-144,विटामिन्ज ,सक़्सेना डॉ. जे.पी.,"मेडीकल हाऊस,  नई दिल्ली"
H-145,आयुर्वेद का प्राण वनोषधि विज्ञान ,ब्रम्हवर्चस,वेदमाता गायत्री ट्रस्ट उत्तरांचल 
H-146,अतंराल महासमर-5,कोहली नरेन्द्र ,"वाणी प्रकाशन , नई दिल्ली "
H-147,बच्चों का स्वास्थ्य और उनके रोग ,मोदी विट्ठलदास ,आरोग्य मंदिर प्रकाशन 
H-148,व्यवहारिक जीवन में वेदान्त ,विवेकानन्द स्वामी ,"राम—कृष्ण मठ , नागपुर "
H-149,उच्च रक्त चाप एवं अनिन्द्रा ,दास भगवान वैध,बी जैन पब्लिशर्स प्रा.लि.
H-150,जीवन दायिनी हरड़ ,विजय वर्गीय अनुराग ,"पापुलर बुक डिपो,  जयपुर"
H-151,गर्दन एवं कमर का दर्द ,गुप्त दास रामेश्वर ,"ऋचा प्रकाशन , नई दिल्ली"
H-152,आँवला ,विजयवर्गीय डाँ.अनुराग ,"पापुलर बुक डिपो,  जयपुर"
H-153,झूठा सच,यशपाल,"लोक भारती प्रकाशन, इलाहाबाद"
H-154,पेट के रोगों की प्राकृतिक चिकित्सा,नागेन्द्र कुमार नीरज,"पापुलर बुक डिपो,  जयपुर"
H-155,आहार चिकित्सा,वर्मा ओ.पी.,"पापुलर बुक डिपो,  जयपुर"
H-156,अखिल भारतीय शब्दावली,कम्प्यूटरीकृत डाटाबेस,वैज्ञानिक तथा तकनीकी शब्दावली आयोग
H-157,अखिल भारतीय शब्दावली ,कम्प्यूटरीकृत डाटाबेस,वैज्ञानिक तथा तकनीकी शब्दावली आयोग
H-158,अखिल भारतीय शब्दावली ,कम्प्यूटरीकृत डाटाबेस,वैज्ञानिक तथा तकनीकी शब्दावली आयोग
H-159,अखिल भारतीय शब्दावली ,कम्प्यूटरीकृत डाटाबेस,वैज्ञानिक तथा तकनीकी शब्दावली आयोग
H-160,अखिल भारतीय शब्दावली ,कम्प्यूटरीकृत डाटाबेस,वैज्ञानिक तथा तकनीकी शब्दावली आयोग
H-161,भू विज्ञान की मूलभूत शब्दावली  ,कम्प्यूटरीकृत डाटाबेस,वैज्ञानिक तथा तकनीकी शब्दावली आयोग
H-162,हिन्दी गजल का वर्तमान दशक ,मुजावर ,"वाणी प्रकाशन , नई दिल्ली"
H-163,शिशु रोगों की ग्रह चिकित्सा ,मुखर्जी कुलर्जी ,प्राकृतिक चिकित्सालय कलकत्ता
H-164,प्राकृतिक उच्च रक्तचाप के लिए,दीवान आनंद प्रकाश  ,सेवक प्राकृतिक चिकित्सा 
H-165,अभिनव प्राकृतिक चिकित्सा ,मुखर्जी कुलरजंन ,प्राकृतिक चिकित्सालय कलकत्ता
H-166,रोगो की सही चिकित्सा ,मंजू नीरज ,निरोगी दुनिया प्रकाशन जयपुर 
H-167,वनस्पति विज्ञान की मूलभूत शब्दावली,,वैज्ञानिक तथा तकनीकी शब्दावली आयोग
H-168,अखिल भारतीय शब्दावली ,,वैज्ञानिक तथा तकनीकी शब्दावली आयोग
H-169,अखिल भारतीय शब्दावली ,,वैज्ञानिक तथा तकनीकी शब्दावली आयोग
H-170,अखिल भारतीय शब्दावली ,,वैज्ञानिक तथा तकनीकी शब्दावली आयोग
H-171,अखिल भारतीय शब्दावली ,,वैज्ञानिक तथा तकनीकी शब्दावली आयोग
H-172,अखिल भारतीय शब्दावली ,,वैज्ञानिक तथा तकनीकी शब्दावली आयोग
H-173,अखिल भारतीय शब्दावली ,,वैज्ञानिक तथा तकनीकी शब्दावली आयोग
H-174,प्राकृतिक स्वास्थ्य एवं सौन्दर्य,कपिल डाँ. सुरेन्द्र ,"पापुलर बुक डिपो,  जयपुर"
H-175,ययाति ,खाण्डेकर विष्णु सखाराम ,राजपाल एण्ड सन्स दिल्ली 
H-176,मोटापा और बुढापा ,गुप्त रामेश्वर दास,ऋचा प्रकाशन नई दिल्ली 
H-177,वनस्पति विज्ञान की मूलभूत शब्दावली,,वैज्ञानिक तथा तकनीकी शब्दावली आयोग
H-178,वनस्पति विज्ञान की मूलभूत शब्दावली,,वैज्ञानिक तथा तकनीकी शब्दावली आयोग
H-179,वनस्पति विज्ञान की मूलभूत शब्दावली,,वैज्ञानिक तथा तकनीकी शब्दावली आयोग
H-180,A Glimpse of the human body  ,Tells Shirley       ,Swami vivekanand do yga
H-181,भारतीय शौर्य गाथा ,द्विवेदी दयाशंकर ,तरूण प्रकाशन 
H-182,धर्मविज्ञान  ,विवेकानन्द स्वामी ,"राम—कृष्णमठ ,  नागपुर "
H-183,राजयोग (द्वादश सस्करण  ),विवेकानन्द स्वामी  ,
H-184,भूगोल की मूलभूत शब्दावली ,,वैज्ञानिक तथा तकनीकी शब्दावली आयोग
H-185,भौतिकी की मूलभूत शब्दावली ,,वैज्ञानिक तथा तकनीकी शब्दावली आयोग
H-186,भौतिकी की मूलभूत शब्दावली ,,वैज्ञानिक तथा तकनीकी शब्दावली आयोग
H-187,पशु चिकित्सा विज्ञान की मूलभूत शब्दावली ,,वैज्ञानिक तथा तकनीकी शब्दावली आयोग
H-188,New perspective in stress mang ,Vivekanad Swami ,
H-189,कब तक पुकारू ,राधव रागेंय,"राजपाल एण्ड सन्स , दिल्ली          "
H-190,न्याय एवं वैशेषिक दर्शन ,शर्मा श्री राम ,वेद माता गायत्री ट्रस्ट हरिद्वार
H-191,सांख्यदर्शन एवं योगदर्शन ,शर्मा श्री राम ,वेद माता गायत्री ट्रस्ट हरिद्वार
H-192,प्राकृतिक आयुर्विज्ञान ,गौड डाँ.गंगा प्रसाद ‘नाहर’,आरोग्य सेवा प्रकाशन 
H-193,अक्षयवट ,शर्मा नासिरा ,भारतीय ज्ञानपीठ 
H-194,ध्यान धर्म तथा साधना ,स्वामी ब्रम्हानन्दजी ,"राम—कृष्ण मठ , नागपुर"
H-195,संजीवनी बूटी तुलसी ,गुप्ता श्रीमती राजकुमारी,"पापुलर बुक डिपो , जयपुर"
H-196,धर्म जीवन जीने की कला ,गोयनका सत्यनारायण,विफश्यना विशोधन विन्यास 
H-197,मधुमेह की जडी बूटी चिकित्सा ,दाश वैध भगवान  ,बी.जैन पब्लिशर्स प्रा.लि.
H-198,अनमोल मिट्टी के बोल ,कुमार डाँ. नागेन्द्र (नीरज )  ,माँ सीता स्म्रती स्वास्थ्य शोध प्रकाशनमाला सीकर
H-199,नींबू,गुप्ता राजकुमारी ,"पापुलर बुक डिपो , जयपुर"
H-200,विश्व वसुधा जिनकी सदा ऋणी रहेगी ,बाडमय प. श्रीराम शर्मा ,अखण्ड ज्योति संस्थान मथुरा 
H-201,विज्ञान और अध्यात्म परस्पर पूरक,बाडमय पं.श्रीराम शर्मा ,अखण्ड ज्योति संस्थान मथुरा 
H-202,मानसरोवर  भाग- 2,प्रेमचंद ,"प्रकाशन संस्थान , नई दिल्ली"
H-203,मानसरोवर  भाग- 3,प्रेमचंद ,"प्रकाशन संस्थान , नई दिल्ली"
H-204,मानसरोवर  भाग- 4,प्रेमचंद ,"प्रकाशन संस्थान , नई दिल्ली"
H-205,मानसरोवर  भाग- 5,प्रेमचंद ,"प्रकाशन संस्थान , नई दिल्ली"
H-206,मानसरोवर  भाग- 6,प्रेमचंद ,"प्रकाशन संस्थान , नई दिल्ली"
H-207,मानसरोवर  भाग- 7,प्रेमचंद ,"प्रकाशन संस्थान , नई दिल्ली"
H-208,मानसरोवर  भाग- 8,प्रेमचंद ,"प्रकाशन संस्थान , नई दिल्ली"
H-209,अधिकार (महासमर-2 ),कोहली नरेन्द्र ,"वाणी प्रकाशन , नई दिल्ली"
H-210,कर्म महासमर- 3,कोहली नरेन्द्र ,"वाणी प्रकाशन , नई दिल्ली"
H-211,प्रच्छन्न् (महासमर-6 ),कोहली नरेन्द्र,"वाणी प्रकाशन , नई दिल्ली"
H-212,प्रत्यक्ष महासमर- 7,कोहली नरेन्द्र ,"वाणी प्रकाशन , नई दिल्ली"
H-213,निर्बन्ध,कोहली नरेन्द्र ,"वाणी प्रकाशन , नई दिल्ली"
H-214,प्रभात व्यावहारिक हिन्दी अग्रेंजी कोश ,कपूर बद्रीनाथ,"प्रभात प्रकाशन ,दिल्ली"
H-215,युगन्धर ,सावंत शिवाजी ,भारतीय ज्ञानपीठ
H-216,राजयोग (पन्द्रहवाँ सस्करण),विवेकानन्द स्वामी,"राम—कृष्ण मठ , नागपुर"
H-217,युग द्रस्टा का जीवन दर्शन ,आचार्य पं.श्रीराम शर्मा भाग-1,"अखण्ड ज्योति संस्थान, मथुरा "
H-218,जीवन देवता की साधना अमर होना  ,आचार्य पं.श्रीराम शर्मा भाग-2,"अखण्ड ज्योति संस्थान, मथुरा "
H-219,उपासना समपर्ण योग ,आचार्य पं.श्रीराम शर्मा भाग-3,"अखण्ड ज्योति संस्थान, मथुरा "
H-220,साधना पद्धतियों का ज्ञान और विज्ञान,आचार्य पं.श्रीराम शर्मा भाग-4,"अखण्ड ज्योति संस्थान, मथुरा "
H-221,साधना से सिद्धि -1,आचार्य पं.श्रीराम शर्मा भाग-5,"अखण्ड ज्योति संस्थान, मथुरा "
H-222,साधना से सिद्धि -2,आचार्य पं.श्रीराम शर्मा भाग-6,"अखण्ड ज्योति संस्थान, मथुरा "
H-223,प्रसुप्ति से जाग्रति की ओर ,आचार्य पं.श्रीराम शर्मा भाग-7,"अखण्ड ज्योति संस्थान, मथुरा "
H-224,ईश्वर कौन है कैसा है कहाँ है?,आचार्य पं.श्रीराम शर्मा भाग-8,"अखण्ड ज्योति संस्थान, मथुरा "
H-225,गायत्री महा विधा का तत्व दर्शन ,आचार्य पं.श्रीराम शर्मा भाग-9,"अखण्ड ज्योति संस्थान, मथुरा "
H-226,गायत्री साधना का गुछा विवेचन,आचार्य पं.श्रीराम शर्मा भाग-10  ,"अखण्ड ज्योति संस्थान, मथुरा "
H-227,गायत्री साधना के प्रत्यक्ष चमत्कार,आचार्य पं.श्रीराम शर्मा भाग-11    ,"अखण्ड ज्योति संस्थान, मथुरा "
H-228,गायत्री की दैनिक एवं विशिष्ट अनुष्ठान परक साधनाएँ ,आचार्य पं.श्रीराम शर्मा भाग-12,"अखण्ड ज्योति संस्थान, मथुरा "
H-229,गायत्री की पंचकोशी साधना एवं उपलब्धियाँ ,आचार्य पं.श्रीराम शर्मा भाग-13,"अखण्ड ज्योति संस्थान, मथुरा "
H-230,गायत्री साधना की वैज्ञानिक पृष्ठभूमि ,आचार्य पं.श्रीराम शर्मा भाग-14,"अखण्ड ज्योति संस्थान, मथुरा "
H-231,सावित्री कुडंलिनी एवं तंत्र,आचार्य पं.श्रीराम शर्मा भाग-15,"अखण्ड ज्योति संस्थान, मथुरा "
H-232,मरणोत्तर जीवन तथ्य एवं सत्य ,आचार्य पं.श्रीराम शर्मा भाग-16,"अखण्ड ज्योति संस्थान, मथुरा "
H-233,प्राणशक़्ति एक दिव्य विभूति ,आचार्य पं.श्रीराम शर्मा भाग-17,"अखण्ड ज्योति संस्थान, मथुरा "
H-234,चमत्कारी विशेषताओ से भरा मानवी मस्तिष्क  ,आचार्य पं.श्रीराम शर्मा भाग-18,"अखण्ड ज्योति संस्थान, मथुरा "
H-235,शब्द ब्रम्हनाद ब्रम्हा ,आचार्य पं.श्रीराम शर्मा भाग-19,"अखण्ड ज्योति संस्थान, मथुरा "
H-236,व्यक़्तित्व विकास हेतु उच्चस्तरीय साधनाएँ,आचार्य पं.श्रीराम शर्मा भाग-20,"अखण्ड ज्योति संस्थान, मथुरा "
H-237,अपरिमित संभावनाओ का आगार मानवी व्यक़्तित्व,आचार्य पं.श्रीराम शर्मा भाग-21,"अखण्ड ज्योति संस्थान, मथुरा "
H-238,चेतन अचेतन एवं सुपर चेतन मन ,आचार्य पं.श्रीराम शर्मा भाग-22,"अखण्ड ज्योति संस्थान, मथुरा"
H-239,विज्ञान और आध्यात्म परस्पर पूरक ,आचार्य पं.श्रीराम शर्मा भाग-23,"अखण्ड ज्योति संस्थान, मथुरा "
H-240,भविष्य का धम: वैज्ञानिक धर्म ,आचार्य पं.श्रीराम शर्मा भाग-24,"अखण्ड ज्योति संस्थान, मथुरा "
H-241,यज्ञ का ज्ञान विज्ञान ,आचार्य पं..श्रीराम शर्मा भाग-25,"अखण्ड ज्योति संस्थान, मथुरा "
H-242,यज्ञ एक समग्र उपचार प्रव्रिया  ,आचार्य पं..श्रीराम शर्मा भाग-26,"अखण्ड ज्योति संस्थान, मथुरा "
H-243,युग परिवर्तन कब और कैसे?युग परिवर्तन कब और कैसे,आचार्य पं..श्रीराम शर्मा भाग-27,"अखण्ड ज्योति संस्थान, मथुरा "
H-244,सूक्ष्मीकरण एवं उज्जवल भविष्य का अवतरण - 1,आचार्य पं..श्रीराम शर्मा भाग-28,"अखण्ड ज्योति संस्थान, मथुरा"
H-245,सूक्ष्मीकरण एवं उज्जवल भविष्य का अवतरण - 2,आचार्य पं.श्रीराम शर्मा भाग-29,"अखण्ड ज्योति संस्थान, मथुरा "
H-246,मर्यादा पुरूषोत्तम राम ,आचार्य पं.श्रीराम शर्मा भाग-30,"अखण्ड ज्योति संस्थान, मथुरा "
H-247,संस्कृति संजीवनी श्रीमद भागवत एवं गीता  ,आचार्य पं.श्रीराम शर्मा भाग-31,"अखण्ड ज्योति संस्थान, मथुरा "
H-248,रामायण की प्रगतिशील प्रेरणाएँ  ,आचार्य पं.श्रीराम शर्मा भाग-32,"अखण्ड ज्योति संस्थान, मथुरा "
H-249,षोडश संस्कार विवेचन ,आचार्य पं.श्रीराम शर्मा भाग-33,"अखण्ड ज्योति संस्थान, मथुरा "
H-250,भारतीय संस्कृति के आधारभूत तत्व ,आचार्य पं.श्रीराम शर्मा भाग-34,"अखण्ड ज्योति संस्थान, मथुरा "
H-251,समस्त विश्व के भारत के अजस्त्र अनुंदान  ,आचार्य पं.श्रीराम शर्मा भाग-35,"अखण्ड ज्योति संस्थान, मथुरा "
H-252,धर्मचक्र प्रवर्तन एवं लोकमानस का शिक्षण ,आचार्य पं.श्रीराम शर्मा भाग-36,"अखण्ड ज्योति संस्थान, मथुरा "
H-253,तीर्थ सेवन क़्यों और कैसे?,आचार्य पं.श्रीराम शर्मा भाग-37,"अखण्ड ज्योति संस्थान, मथुरा "
H-254,प्रज्ञोपनिषद ,आचार्य पं.श्रीराम शर्मा भाग-38,"अखण्ड ज्योति संस्थान, मथुरा "
H-255,निरोग जीवन के महत्वपूर्ण सूत्र ,आचार्य पं.श्रीराम शर्मा भाग-39,"अखण्ड ज्योति संस्थान, मथुरा "
H-256,चिकित्सा उपचार के विविध आयाम ,आचार्य पं.श्रीराम शर्मा भाग-40,"अखण्ड ज्योति संस्थान, मथुरा "
H-257,जीवोम शरद शतम ,आचार्य पं.श्रीराम शर्मा भाग-41,"अखण्ड ज्योति संस्थान, मथुरा "
H-258,चिरयौवन एवं शाश्वत सौंदर्य ,आचार्य पं.श्रीराम शर्मा भाग-42,"अखण्ड ज्योति संस्थान, मथुरा "
H-259,हमारी संस्कृति इतिहास के कीर्ती स्तम्भ,आचार्य पं.श्रीराम शर्मा भाग-43,"अखण्ड ज्योति संस्थान, मथुरा "
H-260,मरकर भी अमर हो गए जो  ,आचार्य पं.श्रीराम शर्मा भाग-44,"अखण्ड ज्योति संस्थान, मथुरा "
H-261,सांस्कृतिक चेतना के उन्नायक सेवाधर्म के उपासक,आचार्य पं.श्रीराम शर्मा भाग-45,"अखण्ड ज्योति संस्थान, मथुरा "
H-262,भव्य समाज का अभिनव निर्माण ,आचार्य पं.श्रीराम शर्मा भाग-46,"अखण्ड ज्योति संस्थान, मथुरा "
H-263,यज्ञ नार्यस्तु पूज्यतें रमन्ते तंत्र देवता ,आचार्य पं.श्रीराम शर्मा भाग-47,"अखण्ड ज्योति संस्थान, मथुरा "
H-264,समाज का मेरू दण्ड सश्क़्त परिवार तंत्र ,आचार्य पं.श्रीराम शर्मा भाग-48,"अखण्ड ज्योति संस्थान, मथुरा "
H-265,शिक्षा एवं विधा ,आचार्य पं.श्रीराम शर्मा भाग-49,"अखण्ड ज्योति संस्थान, मथुरा "
H-266,महापुरूषो के अविस्मरणीय जीवन प्रसंग -1,आचार्य पं.श्रीराम शर्मा भाग-50,"अखण्ड ज्योति संस्थान, मथुरा"
H-267,महापुरूषो के अविस्मरणीय जीवन प्रसंग-2,आचार्य पं.श्रीराम शर्मा भाग-51,"अखण्ड ज्योति संस्थान, मथुरा"
H-268,विश्व वसुधा जिनकी सदा ऋणी रहेगी ,आचार्य पं.श्रीराम शर्मा भाग-52,"अखण्ड ज्योति संस्थान, मथुरा "
H-269,धर्म तत्व का दर्शन और मर्म ,आचार्य पं.श्रीराम शर्मा भाग-53,"अखण्ड ज्योति संस्थान, मथुरा "
H-270,मनुष्य मे देवत्व का उदय ,आचार्य पं.श्रीराम शर्मा भाग-54,"अखण्ड ज्योति संस्थान, मथुरा "
H-271,द्रश्य जगत की अद्रश्य पहेलियाँ  ,आचार्य पं.श्रीराम शर्मा भाग-55,"अखण्ड ज्योति संस्थान, मथुरा "
H-272,ईश्वर विश्वास और उसकी घ्र्ल श्रुतियां  ,आचार्य पं.श्रीराम शर्मा भाग-56,"अखण्ड ज्योति संस्थान, मथुरा "
H-273,मनस्विता प्रखरता और तेजस्विता ,आचार्य पं.श्रीराम शर्मा भाग-57,"अखण्ड ज्योति संस्थान, मथुरा "
H-274,आत्मोत्कर्ष का आधार ज्ञान  ,आचार्य पं.श्रीराम शर्मा भाग-58,"अखण्ड ज्योति संस्थान, मथुरा "
H-275,प्रतिगामिता का कुचक्र ऐसे टूटेगा ,आचार्य पं.श्रीराम शर्मा भाग-59,"अखण्ड ज्योति संस्थान, मथुरा "
H-276,विवाहोन्माद और समाधान समस्या ,आचार्य पं.श्रीराम शर्मा भाग-60,"अखण्ड ज्योति संस्थान, मथुरा "
H-277,ग्रहस्थ एक तपोवन ,आचार्य पं.श्रीराम शर्मा भाग-61,"अखण्ड ज्योति संस्थान, मथुरा "
H-278,इक़्कीसवी सदी नारी सदी ,आचार्य पं.श्रीराम शर्मा भाग-62,"अखण्ड ज्योति संस्थान, मथुरा "
H-279,हमारी भावी पीढी और उसका नवनिर्माण ,आचार्य पं.श्रीराम शर्मा भाग-63,"अखण्ड ज्योति संस्थान, मथुरा "
H-280,राष्ट्र समर्थ और सशक़्त कैसे बने? ,आचार्य पं.श्रीराम शर्मा भाग-64,"अखण्ड ज्योति संस्थान, मथुरा "
H-281,सामाजिक नैतिक एवं क्रांति कैसे?  ,आचार्य पं.श्रीराम शर्मा भाग-65,"अखण्ड ज्योति संस्थान, मथुरा "
H-282,युग निर्माण योजना दर्शन स्वरूप व कार्यक्रम,आचार्य पं.श्रीराम शर्मा भाग-66,"अखण्ड ज्योति संस्थान, मथुरा "
H-283,प्रेरणाप्रद द्रष्टान्त  ,आचार्य पं.श्रीराम शर्मा भाग-67,"अखण्ड ज्योति संस्थान, मथुरा "
H-284,पूज्यवर की अमृत वाणी भाग -1,आचार्य पं.श्रीराम शर्मा भाग-68,"अखण्ड ज्योति संस्थान, मथुरा "
H-285,विचारसार एवं सूक़्तियाँ -प्रथम खण्ड ,आचार्य पं.श्रीराम शर्मा भाग-69,"अखण्ड ज्योति संस्थान, मथुरा "
H-286,विचारसार एवं सूक़्तियां -द्वितीय खण्ड ,आचार्य पं.श्रीराम शर्मा भाग-70,"अखण्ड ज्योति संस्थान, मथुरा"
H-287,आधुनिक उच्च विस्फोटक  ,सिहं डाँ. हरिद्वार ,एच डी.एम. आर.एल पुनें 
H-288,एनिमल फार्म,जाँर्ज ऑरवेल,"हिन्द पॉकेट बुक़्स , नई दिल्ली"
H-289,एहसास ,रहबर हंसराज ,"भगत सिह विचार मचं , दिल्ली"
H-290,धर्म संकट ,प्रेमचंद मुंशी ,"विश्व बुक़्स , नई दिल्ली"
H-291,धूप का चेहरा (बशीर बद्र की गजले),कुमार सुरेश,"डायमंड पॉकेट बुक़्स, नई दिल्ली"
H-292,यह दिल्ली है बुढक ,वर्मा मदन मोहन ,"अनुभव प्रकाशन , दिल्ली "
H-293,योग प्राणायाम और अन्तर्मन ,त्रिपाठी औ.पी. ,"मयंक प्रकाशन , प्रतापगण "
H-294,बोत्शेविकों की करतूत ,बिस्मिल राम प्रसाद ,"प्रवीण प्रकाशन , नई दिल्ली "
H-295,ब्रम्हज्ञान का यथार्थ ,वर्मा दयानन्द ,माइड डाडं बॉडी रिसर्च सेंटर 
H-296,कुछ यादें कुछ बातें ,अमरकान्त ,"राजकमल प्रकाशन, नई दिल्ली"
H-297,कलयुगी उपनिषद ,वर्मा दयानन्द ,"हिन्दी अकादमी , दिल्ली"
H-298,मयूरपंख ,मिश्र जगदीश ,"हिन्दी बुक सेंटर , दिल्ली"
H-299,मृत्युंजय,सावन्त शिवाजी,"भारतीय ज्ञानपीठ ,दिल्ली"
H-300,मगंलग्रह पर जीवन की खोज ,अनिल सोनी ,"रेकी पुस्तक संसार ,दिल्ली"
H-301,महाभारत की कथाएँ ,वर्मा एल.एस. ,"लक्ष्य बुक़्स , नई दिल्ली"
H-302,महाभारत की विडंबना ,शिववचन चौबे ,"शांति प्रकाशन ,  इलाहाबाद "
H-303,मोहन राकेश की श्रेष्ठ कहानियाँ,राकेश मोहन ,"विश्व बुक़्स ,दिल्ली"
H-304,मेघदूत,कालिदास ,"युगबोध साहित्य ,दिल्ली"
H-305,हितोपदेश की कथाएँ ,कुमार डाँ प्रमोद ,"आकाशदीप पब्लिकेशन,नई दिल्ली"
H-306,हैरी पॉटर और अज्का बान का कैदी ,जे.के. रोलिंग  ,मंजुल पब्लिाशिंग हाउस भोपाल 
H-307,पंचतंत्र की कहानियाँ,कुमार डाँ प्रमोद ,"आकाशदीप पब्लिकेशन,नई दिल्ली"
H-308,पुराणों की कथाएँ ,गुप्ता विनोद ,"लक्ष्य बुक़्स , नई दिल्ली "
H-309,प्रेमचदं की अप्राप्य कहानियॉ ,गोयनका डॉ कमल किशोर ,"अनिल प्रकाशन ,दिल्ली"
H-310,प्रेरक बोध कथाएँ ,परमार बाबूलाल ,"शुभकामना ,दिल्ली"
H-311,पूजा के फूल  ,जोशी मालती ,"मनु प्रकाशन ,दिल्ली"
H-312,राग दरबारी ,शुक़्ल श्रीलाल ,राजकमल पेपरबैक़्स  
H-313,रामायण की कथाएँ ,मुकेश नादान ,"लक्ष्य बुक़्स , नई दिल्ली"
H-314,राजस्थान की ऐतिहासिक गाथाएँ,देवडा ठाकुर मदनसिहं ,"शिवानी बुक़्स , दिल्ली"
H-315,सायें में धूप  ,कुमार दुष्यन्त ,"राधा —कृष्ण , नई दिल्ली"
H-316,सुदामा चरित्र ,महार्षि डाँ हरि ,"साहित्यागार ,जयपुर  "
H-317,उपनिषदों की कथाएँ ,अर्चना गोयल ,"लक्ष्य बुक़्स , नई दिल्ली"
H-318,दौरा अतंर्यामी का  ,शेरजंग गर्ग ,"क्षितिज  , दिल्ली"
H-319,दूसरा गजल शतक ,शेरजंग गर्ग ,"किताब घर प्रकाशन, नई दिल्ली "
H-320,वैशाली की नगर बंधु  ,आचार्य चतुरसेन ,"राजपाल एण्ड सन्स , दिल्ली"
H-321,चक्रव्यूह ,छाबडा डाँ मोहिनी ,"विकास पेपर बैक़्स , दिल्ली "
H-322,चॉद अमावस का ,मालती जोशी ,"आलेख , दिल्ली"
H-323,तमाशा मेरे आगे ,निदा फाजली ,"वाणी प्रकाशन , दिल्ली"
H-324,तलाश,खुल्लर डॉ प्रेमा ,"अनुभव प्रकाशन , दिल्ली"
H-325,कृष्णा ,द्रुपदानन्द ,"स्टार पब्लि.प्रा.लि. , नई दिल्ली"
H-326,जूनागढ की वैदेही ,सविता जैन ,"भारतीय ज्ञानपीठ , दिल्ली"
H-327,नागलोक की विषकन्या ,सत्यजीत राय ,"साहित्य सुरभि , दिल्ली"
H-328,अमर सूक़्तियाँ ,जयश्री ,"सत्यसाहित्य प्रकाशन, दिल्ली"
H-329,अभ्युदय भाग-1,कोहली नरेन्द्र ,"वाणी प्रकाशन , दिल्ली"
H-330,अभ्युदय भाग-2,कोहली नरेन्द्र ,"वाणी प्रकाशन , दिल्ली"
H-331,आयुर्वेद के चमत्कार ,शुक़्ल आचार्य पं.शत्रुघ्नलाल ,"हिन्दी सेवा सदन, मथुरा "
H-332,असन्तोष के दिन ,रजा राही मासूम ,"राजकमल प्रकाशन, दिल्ली"
H-333,गजल दुष्यंत के बाद ,दीक्षित दनकौरी ,"वाणी प्रकाशन , दिल्ली"
H-334,गजलनाम:  एक झलक ,निगम डाँ राज ,"सोना प्रिंटर्स प्रा. लि., दिल्ली"
H-335,साये में धूप ,कुमार दुष्यन्त ,राधा —कृष्ण
H-336,कम्प्यूटर क़्विज ,शर्मा गायत्री ,"गीतांजलि प्रकाशन ,   जयपुर "
H-337,मध्यकाल के अनमोल रत्न ,व्यास डाँ. ज्योति  ,"अन्नपूर्णा प्रकाशन ,कानपुर "
H-338,मैं तुम्हे फिर मिलूँगी  ,प्रीतम अमृता ,"हिन्द पॉकेट बुक़्स , दिल्ली"
H-339,हिन्दी गजल सौन्दर्य और यथार्थ  ,सिन्हा अनिरूद्ध,"हिन्दी साहित्य निकेतन, विजनोर"
H-340,हिन्दी गजल की विकास यात्रा ,गुप्त डाँ विनीता ,"मनीषा प्रकाशन ,लोनी सिटी "
H-341,टाल्सटाय की श्रेष्ठ कहानियाँ ,लियो टालस्टाय ,"नवसासर संस्थान ,इलाहाबाद "
H-342,शंहशाह ,इनामदार नागनाथ ,भारतीय ज्ञानपीठ 
H-343,गुनाहों का देवता ,धर्मवीर भारती ,भारतीय ज्ञानपीठ
H-344,हिन्दी कहानी संग्रह ,साहनी भीष्म ,साहित्य अकादमी 
H-345,श्रेष्ठ कथा सचंयन ,मधु मदनलाल ,मेघा बुकक़्स 
H-346,छावा ,सावंत शिवाजी ,भारतीय ज्ञानपीठ
H-347,देस 5 परदेश ,कमलेश्वर ,भारतीय ज्ञानपीठ
H-348,जिन्दगी और गुलाब के फूल,प्रियंवदा उषा ,भारतीय ज्ञानपीठ
H-349,कुट्राल कुरिजि ,कण्णन मणिशेखरन ,साहित्य अकादमी 
H-350,गोमा हँसती है ,पुष्पा मैत्रेयी ,किताब घर 
H-351,मेरी प्रिय कहानियाँ ,राकेश मोहन,राजपाल एन्ड सन्स 
H-352,मेरी प्रिय कहानियाँ,नागर अमृतलाल ,राजपाल एन्ड सन्स 
H-353,मेरी प्रिय कहानियाँ,साहनी भीष्म ,राजपाल एन्ड सन्स 
H-354,मेरी प्रिय कहानियाँ,कमलेश्वर,राजपाल एन्ड सन्स 
H-355,आखिरी नाम अल्लाह का ,शर्मा लता ,मेघा बुक़्स 
H-356,अम्बा नहीं मै भीष्मा ,कातिका चित्रा चतुर्वेदी ,भारतीय ज्ञानपीठ 
H-357,आज-कल-परसों ,झा राजमोहन  ,साहित्य अकादमी
H-358,हैस एन्डरसन की कहनियां भाग-1,देवसरे हरि—कृष्ण,साहित्य अकादमी
H-359,हैस एन्डरसन की कहनियां भाग-2,देवसरे हरि—कृष्ण,साहित्य अकादमी
H-360,जंग लगी तलवार ,गोस्वामी इन्दिरा ,साहित्य अकादमी 
H-361,आस्कर वाइल की कहानिया,भारती धर्मवीर ,भारतीय ज्ञानपीठ
H-362,दो गज जमीन ,अब्दुस्समद ,साहित्य अकादमी 
H-363,हम भ्रष्टन के भ्रष्ट हमारे  ,जोशी शरद ,भारतीय ज्ञानपीठ
H-364,सदाचार का ताबीज ,परसाई हरिशंकर ,भारतीय ज्ञानपीठ
H-365,जैसे उनके दिन फिरे ,परसाई हरिशंकर ,भारतीय ज्ञानपीठ
H-366,सूरज का सातवाँ घोडा ,भारती धर्मवीर ,भारतीय ज्ञानपीठ
H-367,संसद में गिरगिट चर्चा ,जय प्रकाश ,राही प्रकाशन दिल्ली
H-368,मटों की कहानियाँ ,मोहन नरेन्द्र ,किताब घर 
H-369,ताज महल बेकरारी का वयान ,चौकसे जय प्रकाश ,मेघा बुक़्स 
H-370,आखिरी तोंहफा,प्रेमचंद,नयी किताब 
H-371,पानीपत ,पाटील विश्वास ,भारतीय ज्ञानपीठ
H-372,महाफुरूषों के अनमोल वचन ,महेश ,राही प्रकाशन 
H-373,गजल एक सफर,अब्बासी नूर नवी ,शब्दकार 
H-374,मेरी इक़्यावन कविताएँ ,वाजपेयी अटल बिहारी ,किताब घर 
H-375,समय का चेहरा ,जय प्रकाश ,राही प्रकाशन 
H-376,प्राचीन यूनानी कहानियाँ ,रांगेय राघव ,किताब घर 
H-377,हैरी पॉटर और पारस पत्थर ,रोलिंग जे.के ,मजुंल पब्लिशिंग हाउस
H-378,हैरी पॉटर और रहस्यमयी तहखाना  ,रोलिंग जे.के.,मजुंल पब्लिशिंग हाउस
H-379,बशीर बद्र ,राजपाल ,नंदन कन्हैयालाल 
H-380,बेहतरीन गजलें ,पेशावरी साजन ,पवन पॉकेट बुक़्स
H-381,शरतचन्द्र की अमर कहानियां  ,शरतचन्द्र,धीरज पॉकेट बुक़्स 
H-382,मधुशाला ,बच्चन हरिवंश राय,
H-383,गाइ दि मोपांसा की सर्वश्रेष्ठ कहानियाँ    ,किंगर नरेश,न्यू साधना पॉकेट बुक़्स
H-384,मैक़्सिम गोर्की की सर्वश्रेष्ठ कहानियाँ ,मैक़्सिम गोर्की ,धीरज पॉकेट बुक़्स
H-385,सिक़्खों के दस गुरू,मित्तल डाँ.महेन्द्र  ,मनोज पब्लिकेशन 
H-386,बहुचर्चित रचनाएँ,शर्मा गंगा प्रसाद ,मनोज पब्लिकेशन 
H-387,पॉजिटिव थिंकिग ही सफलता का सूत्र ,सिंह जोगिन्दर ,फ्यूजन बुक़्स 
H-388,लोगों को सर्वश्रेष्ठ कैसे बनायें ,मैक़्गिनिक्स एलन लॉय ,मंजुल पब्लिाशिंग 
H-389,वैताल - कथाएँ ,सिंह गोबिन्द,न्यू साधना पॉकेट 
H-390,ऐसा क़्यों होता है? ,खत्री विकास ,न्यू साधना पॉकेट
H-391,समुंद्र समाना बूँद में ,ओशो,ज्योति प्रिंर्टस  
H-392,सूली ऊपर सेज पिया की,ओशो ,ज्योति प्रिंर्टस  
H-393,माँ,गोर्की मैक़्सिम ,रवि पॉकेट बुक़्स 
H-394,होम्योपैथिक चिकित्सा ,शर्मा नरेन्द्र ,पवन पॉकेट बुक़्स
H-395,सर्वपल्ली डॉ.राधा —कृष्णन,पसरीजा मीनू ,न्यू साधना पॉकेट
H-396,नेताजी सुभाषचन्द्र बोस ,साहनी पब्लिकेशन ,न्यू साधना पॉकेट बुक़्स
H-397,प्रथम राष्ट्रपति डाँ.राजेन्द्र प्रसाद ,पसरीजा मीनू ,न्यू साधना पॉकेट बुक़्स
H-398,महाराणा प्रताप ,शुकक़्ल कमल ,न्यू साधना पॉकेट बुक़्स
H-399,लालबहादुर शास्त्री ,सिंह गोविन्द ,न्यू साधना पॉकेट बुक़्स
H-400,छत्रपति शिवाजी ,शुक़्ल कमल ,न्यू साधना पॉकेट बुक़्स
H-401,विवेकानन्द ,भटनागर राजेन्द्र मोहन ,राजपाल 
H-402,गीतांजलि  ,ठाकुर रवीन्द्रनाथ,न्यू साधना पॉकेट बुक़्स
H-403,मेरा संघर्ष  ,पसरीजा मीनू,न्यू साधना पॉकेट बुक़्स
H-404,लोलिता ,नॉबोकोव ,न्यू साधना पॉकेट बुक़्स
H-405,वास्तुशास्त्र दोष निवारण ,सरदाना एस.सी. ,न्यू साधना पॉकेट बुक़्स
H-406,सतं रविदास काव्य की प्रासंगिकता ,लागांयन डां. धर्मवीर ,आकाश पब्लिशर्स 
H-407,भूमण्डलीकरण के भॉवर मे भारत ,काबरा कमल नयन ,प्रकाशन संस्थान 
H-408,हिन्दी साहित्य का इतिहास  ,शुक़्ल आचार्य  रामचन्द्र ,प्रकाशन संस्थान 
H-409,सतं रविदास का निर्वाण सम्प्रदाय ,धर्मवीर डॉ.,संगीता प्रकाशन  
H-410,मुक़्तिबोध की कविताएँ  ,नवल नन्द किशोर ,प्रकाशन संस्थान
H-411,डॉ. अंबेडकर कुछ अनछुए प्रसंग  ,रत्तू नानक चन्द ,सम्यक प्रकाशन 
H-412,दलित उत्पीडन की परम्परा  और वर्तमान ,नैमिशराय मोहनदास ,गौतम बुक सेटर 
H-413,दलित समस्या जड में ,नईम इन्तिजार ,साहित्य सौरभ 
H-414,बुद्ध और उनका धम्म,अम्बेडकर डॉ.बाबा साहेब भीमराव  ,
H-415,साम्राज्यवाद का उदय और अस्त ,सिहं अयोध्या ,प्रकाशन संस्थान 
H-416,10 प्रतिनिधि कहानियाँ ,कालिया रवीन्द्र ,"किताब घर प्रकाशन ,दिल्ली "
H-417,10 प्रतिनिधि कहानियाँ ,मोहन राकेश,किताब घर प्रकाशन 
H-418,10 प्रतिनिधि कहानियाँ ,विष्णु प्रभाकर ,किताब घर प्रकाशन 
H-419,10 प्रतिनिधि कहानियाँ ,यादव राजेन्द्र ,किताब घर प्रकाशन 
H-420,10 प्रतिनिधि कहानियाँ ,रामदरश मिश्र ,किताब घर प्रकाशन 
H-421,10 प्रतिनिधि कहानियाँ ,रांगेय राघव  ,किताब घर प्रकाशन 
H-422,10 प्रतिनिधि कहानियाँ ,शुक़्ल श्रीलाल ,किताब घर प्रकाशन 
H-423,विदेशी विद्वानो का हिन्दी प्रेम ,‘कुन्द’ बरनवाल जगदीश प्रसाद ,मेघा बुक़्स
H-424,वयं रक्षाम: ,चतुरसेन आचार्य ,राजफाल 
H-425,आज कल परसों ,झा राजमोहन (मिश्र शुभंकर ),साहित्य अकादमी
H-426,मेधावी मुहावरा कोश ,शर्मा सुनील ,शब्द कलश 
H-427,तुम क्या जानो ,गुजराती अशोक  ,मेघा बुक़्स 
H-428,फंडा मैनेजमेंट का  ,शर्मा प्रेमपाल ,सामयिक प्रकाशन 
H-429,विषाद मठ ,राघव रांगेय ,किताब घर प्रकाशन 
H-430,तीन लधु उपन्यास ,कालिया ममता ,किताब घर प्रकाशन
H-431,भर्तहरि शतक ,शास्त्री डाँ.रामचद्रं वर्मा  ,किरण प्रकाशन 
H-432,अवधेश्वरी ,पुणेकर शंकर मोकाशी ,साहित्य अकादमी 
H-433,50 क्रांतिकारी ,पटोरिया राजेन्द्र,राजपाल 
H-434,मानव शरीर कार्यिकी ,ठाकुर डॉ.डी.के.,साक्षी प्रकाशन 
H-435,दिल्ली ,सिंह खुशवंत  ,किताब घर प्रकाशन  
H-436,दगें में मुर्गा ,चतुर्वेदी ज्ञान  ,किताब घर प्रकाशन
H-437,मै भीष्म बोल रहा हूँ ,मिश्र भगवतीशरण ,राजपाल 
H-438,औरत एक रात है ,जोशी मालती ,परमेश्वरी प्रकाशन 
H-439,तोडो कारा तोडो भाग -1,कोहली नरेन्द्र ,किताब घर प्रकाशन
H-440,तोडो कारा तोडो भाग -2,कोहली नरेन्द्र ,किताब घर प्रकाशन
H-441,तोडो कारा तोडो भाग -3,कोहली नरेन्द्र ,किताब घर प्रकाशन
H-442,तोडो कारा तोडो भाग -4,कोहली नरेन्द्र ,किताब घर प्रकाशन
H-443,तोडो कारा तोडो भाग -5,कोहली नरेन्द्र ,किताब घर प्रकाशन
H-444,उसने कहा था और अन्य कहांनियाँ  ,लाल डाँ. मनोहर ,जगतराम एण्ड सन्स 
H-445,मालगुडी की कहानियाँ,नारायण आर.के.,राजपाल 
H-446,एक सैक़्स वर्कर की आत्मकथा ,नलिनी जमीला ,राजपाल 
H-447,चतुरसेन शास्त्री  ,स्नातक विजयेन्द्र,साहित्य अकादमी 
H-448,पिया पीर न जानी  ,जोशी मालती ,परमेश्वरी प्रकाशन 
H-449,सतयुग की श्रेष्ठ कहानियाँ  ,भाटिया सुदर्शन ,किताब घर प्रकाशन
H-450,द्वापर युग की श्रेष्ठ कहानिंयाँ  ,भाटिया सुदर्शन ,किताब घर प्रकाशन
H-451,कलियुग की श्रेष्ठ कहानियॉ ,भाटिया सुदर्शन ,किताब घर प्रकाशन
H-452,त्रेतायुग की श्रेष्ठ कहानियॉ  ,भाटिया सुदर्शन ,किताब घर प्रकाशन
H-453,श्रेष्ठ जातक कथाएँ ,व्याधित ह्रदय श्री ,सुनील साहित्य सदन 
H-454,10 प्रतिनिधि कहानियाँ ,मरियानी शैलेश ,किताब घर प्रकाशन
H-455,परिणीता चटटोफाध्याय शरतचन्द्र,शर्मा ओमप्रकाश ,वदंना बुक एजेंसी 
H-456,श्रीकान्त शरतचन्द्र चटटोफाध्याय ,शर्मा ओमप्रकाश ,वदंना बुक एजेंसी 
H-457,हिन्दी कहानी संग्रह ,साहनी भीष्म ,साहित्य अकादमी 
H-458,10 प्रतिनिधि कहानियाँ ,गर्ग मृदुल,किताब घर प्रकाशन
H-459,समग्र कहानियाँ,कमलेश्वर ,राजपाल 
H-460,10 प्रतिनिधि कहानियाँ,सिंह मदीप ,किताब घर प्रकाशन
H-461,10 प्रतिनिधि कहानियाँ,साहनी भीष्म ,किताब घर प्रकाशन
H-462,10 प्रतिनिधि कहानियाँ ,जोशी शेखर ,किताब घर प्रकाशन
H-463,10 प्रतिनिधि कहानियाँ ,जोशी मनोहर श्याम ,किताब घर प्रकाशन
H-464,साँची कहों ,चडढा राज ,मेघा बुक़्स  
H-465,विज्ञान के अनन्य पथिक -भारतीय वैज्ञा.,महंती सुबोध ,मेघा बुक़्स  
H-466,विज्ञान के अनन्य पथिक -विदेशी वैज्ञा.,महंती सुबोध,मेघा बुक़्स  
H-467,अर्द्धनारीश्वर ,प्रभाकर विष्णु ,किताब घर प्रकाशन
H-468,प्राचीन प्रेम और नीति की कहानियाँ,राघव रांगेय ,किताब घर प्रकाशन
H-469,उपनिषदों की श्रेष्ठ कहानियाँ ,ह्रदय श्री व्यथित  ,सुनील साहित्य सदन  
H-470,10 प्रतिनिधि कहानियाँ ,कोहली नरेन्द्र ,किताब घर प्रकाशन
H-471,मानस का हंस ,नागर अमृतलाल ,राजफाल एण्ड सन्स 
H-472,श्रेष्ठ कथा सचंयन ,उपाघ्याय इंद्रमणि  ,मेघा बुक़्स 
H-473,श्रेष्ठ कथा सचंयन ,मधु मदनलाल ,मेघा बुक़्स 
H-474,फुरूषोत्तम ,मिश्र डॉ भगवतीशरण ,राजपाल 
H-475,कसाई बाडा ,कौर अजीत  ,किताब घर प्रकाशन
H-476,काले कुएँ ,कौर अजीत  ,किताब घर प्रकाशन
H-477,पखेरू ,रामलाल ,साहित्य अकादमी 
H-478,आदिवासियों के बीच ,जैन श्रीचंद्र ,शिवानी बुक़्स 
H-479,वनमाली समग्र ,चौबे संतोष  ,मेघा बुक़्स 
H-480,प्रतिनिधि कहानियाँ ,चौबे संतोष  ,मेघा बुक़्स 
H-481,12 प्रतिनिधि कहानियाँ ,मिथिलेश्वर ,मेघा बुक़्स
H-482,आँधी और अन्य कहानियाँ,पदमराजु पी. ,साहित्य अकादमी 
H-483,पाकिस्तानी कहानियाँ ,बिास्मिल्लाह अब्दुल ,साहित्य अकादमी
H-484,अलेक़्सांद्र पूरिकन प्रतिनिधि कहानियाँ ,रामदास डॉ. चारूमति  ,साहित्य अकादमी
H-485,अंतर्मिलन की कहानियाँ,राधव रांगेय ,किताब घर प्रकाशन
H-486,ग्रह दाह ,चट्टोपाध्याय शरतचन्द्र,वदंना बुक एजेंसी 
H-487,विप्रदास ,चट्टोपाध्याय शरतचन्द्र ,वदंना बुक एजेसी 
H-488,पतझर की आवाज ,असद माजदा ,साहित्य अकादमी 
H-489,श्रीवास्तव गोनाथ  ,सामयिक सचित्र विज्ञान कोश  ,सामयिक प्रकाशन  
H-490,हास्य -विनोद काव्य कोश ,व्यास पं.गोपालप्रसाद ,भारतीय प्रकाशन संस्थान 
H-491,लाला हरदयाल के स्वाधीन विचार  ,भारद्वाज आलोक  ,विकास पेपर बैक़्स 
H-492,मुगल बादशाहो की कहानी उनकी जवानी ,गोयनीय अयोध्याप्रसाद ,मेघा बुक़्स 
H-493,हास्य व्यंग्य के विविध रंग  ,चतुर्वेदी सं. बरसानेलाल  ,हिमालय पुस्तक भण्डार 
H-494,मटों की कहानियाँ ,मोहन नरेन्द्र ,किताब घर प्रकाशन
H-495,यक्ष प्रश्न ,त्यागी रवीन्द्रनाथ,मेघा बुक़्स 
H-496,श्रेष्ठ वैदिक कथाएँ ,भारद्वाज हरि ,सुनील साहित्य सदन 
H-497,संसार की श्रेष्ठ कहानियाँ  ,जैन ज्ञानचंद ,किताब घर प्रकाशन
H-498,हरी बिंदी ,गर्ग मृदुल,सामयिक प्रकाशन 
H-499,आजादी मुबारक ,कमलेश्वर ,किताब घर प्रकाशन
H-500,गोमा हँसती है ,पुष्पा मैत्रेयी ,किताब घर प्रकाशन
H-501,ताजमहल (बेकरारी का बयान),चौकसे जयप्रकाश ,मेघा बुक़्स 
H-502,मेरी आपबीती,बेनजीर भुटटो ,राजपाल 
H-503,बाल गंगाधर तिलक,एम० कुमार दीप्ति शर्मा,अर्जुन पब्लिशिंग हाऊस
H-504,जवाहर लाल नेहरु,एम० कुमार दीप्ति शर्मा,अर्जुन पब्लिशिंग हाऊस
H-505,अरस्तू,दीप्ति शर्मा एम० कुमार,अर्जुन पब्लिशिंग हाऊस
H-506,शरीर रचना तथा शरीर क्रिया विज्ञान,डॉ० एन० पी० शर्मा,खेल साहित्य केन्द्र
H-507,गोपाल कृष्ण गोखले ,एम० कुमार दीप्ति शर्मा,अर्जुन पब्लिशिंग हाऊस
H-508,रुसो,एम० कुमार दीप्ति शर्मा,अर्जुन पब्लिशिंग हाऊस
H-509,सामान्य अध्ययन प्रष्न पत्र & 1,सिविल सेवा प्रारम्भिक परीक्षा के लिए,टाटा मैक्ग्रॉ हिल द्वारा प्रकाशित
H-510,रीजनिंग टेस्ट,कमल कुमार गर्ग,टाटा मैक्ग्रॉ हिल द्वारा प्रकाशित
H-511,क्विकर मैथ्स,अरुण शर्मा,टाटा मैक्ग्रॉ हिल द्वारा प्रकाशित
H-512,भूगोल,डी0 आर0 खुल्लर,टाटा मैक्ग्रॉ हिल द्वारा प्रकाशित
H-513,भारतीय प्रशासन,डॉ0 अमरेश्वर अवस्थी डॉ0 आनन्द प्रकाश अवस्थी,लक्ष्मी नारायण अग्रवाल
H-514,मनु,एम० कुमार दीप्ति शर्मा,अर्जुन पब्लिशिंग हाऊस
H-515,थॉमस हॉब्स,एम० कुमार दीप्ति शर्मा,अर्जुन पब्लिशिंग हाऊस
H-516,कौटिल्य (चाणक्य),एम० कुमार दीप्ति शर्मा,अर्जुन पब्लिशिंग हाऊस
H-517,राजा राममोहन रॉय,एम० कुमार दीप्ति शर्मा,अर्जुन पब्लिशिंग हाऊस
H-518,संख्यात्मक अभियोग्यता,"आर0 एस0 अग्रवाल, दीपक अग्रवाल, विकास अग्रवाल",एस0 चन्द
H-519,यूनीक सामान्य अध्ययन ¼5 Vol.),ब्रजेन्द्र नारायण ओम प्रकाश राय,यूनीक पब्लिकेशन्स
H-520,पियर्सन सिविल सेवा प्रारंभिक परीक्षा कोष CSAT 2011,एडगर शौर्य शोविक शौर्य,पियर्सन चंडीगढ़
H-521,50 प्रैक्टिस सेट्स सामान्य बुद्धि एवं तर्कशक्ति परीक्षण,प्रवीण कुमार मिश्रा,अरिहन्त पब्लिकेशन्स (इ) प्रा0 लि0
H-522,स्वास्थ्य शिक्षा,डॉ0 एन0 पी0 शर्मा,खेल साहित्य केन्द्र
H-523,खेलकूद के नियम,डॉ0 ए0 के0 श्रीवास्तव,स्पोर्टस पब्लिकेशन
H-524,प्राथमिक चिकित्सा,अशोक कुमार,लक्ष्य पब्लिकेशन्स
H-525,तार्किक योग्यता एवं गणितीय परीक्षण,पंकज कुमार,उपकार प्रकाशन
H-526,सामान्य हिन्दी दिग्दर्शन,ओंकारनाथ वर्मा,उपकार प्रकाशन
H-527,सामान्य बुद्धि एवं तार्किक योग्यता,संपादक मंडल,उपकार प्रकाशन
H-528,सामान्य ज्ञान दिग्दर्शन,"डॉ0 आर0 सी0 जैन, डॉ0 सूर्यनारायण पाण्डेय",उपकार प्रकाशन
H-529,भारत का इतिहास,के0 कृश्ण रेड्डी   ,टाटा मैक्ग्रॉ हिल द्वारा प्रकाशित
H-530,लोक प्रशासन,एम0 लक्ष्मीकांत,टाटा मैक्ग्रॉ हिल द्वारा प्रकाशित
H-531,जे0 कृष्णमूर्ति,एम0 कुमार दीप्ति शर्मा,अर्जुन पब्लिशिंग हाऊस
H-532,यूनीक सामान्य अध्ययन,ब्रजेन्द्र नारायण ओम प्रकाश रॉय,यूनीक पब्लिकेशन्स
H-533,यूनीक सामान्य अध्ययन,ब्रजेन्द्र नारायण ओम प्रकाश रॉय,यूनीक पब्लिकेशन्स
H-534,यूनीक सामान्य अध्ययन,ब्रजेन्द्र नारायण ओम प्रकाश रॉय,यूनीक पब्लिकेशन्स
H-535,यूनीक सामान्य अध्ययन,ब्रजेन्द्र नारायण ओम प्रकाश रॉय,यूनीक पब्लिकेशन्स
H-536,आशा का सवेरा,बराक ओबामा,प्रभात प्रकाशन
H-537,योगासन,प्रियंका नारंग,खेल साहित्य केन्द्र
H-538,योग शिक्षा,डॉ0 सुषील कुमार व्यास,खेल साहित्य केन्द्र
H-539,योग शिक्षा तथा मनोरंजन,अरुण कुमार त्यागी,खेल साहित्य केन्द्र
H-540,योग और स्वास्थ्य,डॉ0 देवेन्द्र बालयण,खेल साहित्य केन्द्र
H-541,चिन्ता छोड़ो और सुखी रहो,डेरठ कारनेगी,अनु प्रकाशन
H-542,निरोगी जीवन,सी0 एम0 श्रीवास्तव,अनु प्रकाशन
H-543,अथर्ववेद,प्रकाशकाधीन गोविन्द सिंह,अपोलो प्रकाशन
H-544,­­ऋग्वेद,प्रकाशकाधीन गोविन्द सिंह,अपोलो प्रकाशन
H-545,सामवेद,प्रकाशकाधीन गोविन्द सिंह,अपोलो प्रकाशन
H-546,यजुर्वेद,प्रकाशकाधीन गोविन्द सिंह,अपोलो प्रकाशन
H-547,कम्पलीट कोर्स फॉर बी0 सी0 ए0- I,हिन्दी संस्करण,प्रखर बुक्स
H-548,नेपोलियन बोना पार्ट,एमिल लुड्विग,अनु प्रकाशन
H-549,खेल चिकित्सा ज्ञानकोश,डॉ0 उशा गोपाल,स्पोर्ट्स पब्लिकेशन्स
H-550,नीति संग्रह,नरेन्द्र श्रीवास्तव,अपोलो प्रकाशन
H-551,अपनी आत्मशक्ति को पहचानें,रॉबिन शर्मा,प्रभात प्रकाशन
H-552,देने का आनन्द,बिल क्लिंटन,प्रभात प्रकाशन
H-553,नई राहें नए इरादे,बराक ओबामा,प्रभात प्रकाशन
H-554,सफलता के 7 नियम,राजेश अग्रवाल,ज्ञान गंगा
H-555,दामोदरलाल गर्ग,दामोदरलाल गर्ग,साहित्य सागर
H-556,धर्मनीति,मोहनदास करमचन्द गाँधी,साहित्य सागर प्रकाशन
H-557,अपनी याद्दाश्त कैसे बढ़ाएँ,सूर्या सिन्हा,ज्ञान गंगा
H-558,कैरियर निर्देशिका,नरेश कुमार शर्मा,अपोलो प्रकाशन
H-559,सत्य के प्रयोग अथवा आत्मकथा,मोहनदास करमचन्द गाँधी,सस्ता साहित्य मण्डल प्रकाशन
H-560,आनन्दमय दिव्य जीवन की खोज,खेमचन्द चतुर्वेदी,साहित्यागार
H-561,टाइम मैनेजमेंट और सफलता,सुरेश चंद्र भाटिया,प्रतिभा प्रतिष्ठान
H-562,चाणक्य कथा,जे0 के0 वर्मा,साहित्य चन्द्रिका प्रकाशन
H-563,चिंता छोड़ो सुख से जियो,कारनेगी डेल,मंजुल पब्लिशिंग हाऊस प्रा0 लि0
H-564,वस्तुनिष्ठ अंकगणित,ऋचा अग्रवाल,अरिहन्त पब्लिकेशन्स (इण्डिया) लि0
H-565,क्विटकर मैथ्स,अरुण शर्मा ,टाटा मैक्ग्रॉ हिल पब्लिशिंग कम्पनी लि0 नई दिल्ली
H-566,योग भगाए रोग,डॉ0 हीरालाल शर्मा,श्री साईं प्रिण्टोग्राफर्स नई दिल्ली
H-567,नवीन गणित,डॉ0 आर0 एस0 अग्रवाल,एस0 चंद एंड कम्पनी प्रा0 लि0 नई दिल्ली
H-568,एरोबिक्स टुडे,सुशील गहलोत,पॉपुलर बुक डिपो
H-569,नवीन वस्तुनिष्ठ (गणित) भाग - १,एस0 आर0 सैनी,जयपुर पब्लिशिंग हाऊस
H-570,वस्तुनिष्ठ प्राणिशास्त्र,डॉ0 वी0 एस0 पॅवार,वर्धन पब्लिशर्स एंड डिस्ट्रीब्यूटर जयपुर
H-571,वस्तुनिष्ठ वनस्पतिशास्त्र,डॉ0 ओ0 पी0 दायमा,वर्धन पब्लिशर्स एंड डिस्ट्रीब्यूटर जयपुर
H-572,सफलता के अध्यात्मिक नियम,दीपक चोपड़ा,प्रभात प्रकाशन दिल्ली
H-573,बच्चे हमारा भविष्य,रोधम हिलेरी क्ंिलटन,प्रभात प्रकाशन दिल्ली
H-574,सफलता के 420 सूत्र,वाइ सुन्दर राजन,प्रभात प्रकाशन दिल्ली
H-575,वन नाइट द कॉल सेन्टर,चेतन भगत,प्रभात प्रकाशन दिल्ली
H-576,5 प्वाइंट समवन,चेतन भगत,प्रभात प्रकाशन दिल्ली
H-577,मैनुअल ऑफ होम्योपैथिक मैटीरिया मेडिका विद् रेपर्टरी,डॉ0 विलियम बोरिक,सुमित प्रकाशन आगरा
H-578,क्लीनिकल डायग्नोसिस एंड ट्रीटमेण्ट्स,डॉ0 जहान सिंह चौंहान,सुमित प्रकाशन आगरा
H-579,बायोकौमिक चिकित्सा विज्ञान,डॉ0 वाइ0 डी0 गहराना,सुमित प्रकाशन आगरा
H-580,बाल विकास,डॉ0  पी0 डी0 शर्मा,श्री विनोद पुस्तक मन्दिर आगरा
H-581,सामान्य ज्ञान कौन क्या तथा सामयिक घटनाक्रम,रतन र,एस0 आर0 पब्लिशर्स एंड डिस्ट्रीब्यूटर नई दिल्ली
H-582,जीना सिखा दिया श्री श्री रविशंकर,स्वयं प्रकाश,मंजुल पब्लिशिंग हाऊस प्रा0 लि0
H-583,गीता बोध मोहनदास करमचन्द्र गाँधी,मदनलाल षर्मा,ग्रन्थ विकास
H-584,ओजस्वी कविताएँ,श्री कृष्ण शर्मा,साहित्यागार
H-585,पियर्सन संक्षिप्त सामान्य ज्ञान कोष 2013,एडगर शौर्य,परिसन
H-586,सोचिए और अमीर बनिये,नेपोलियन हिल,मंजुल पब्लिशिंग हाऊस प्रा0 लि0
H-587,सकारात्मक सोच की अद्भुत शक्ति,नॉर्मन विन्सेन्ट पील,मंजुल पब्लिशिंग हाऊस प्रा0 लि0
H-588,अपने बच्चों को बनाएँ विजेता,प्रदीप कपूर,मंजुल पब्लिशिंग हाऊस प्रा0 लि0
H-589,इन्डियन बिजनेस वुमन शून्य से शिखर,प्रकाश बियानी,इन्द्रा पब्लिशिंग हाऊस
H-590,आदर्श स्वास्थ्य क्रान्ति,एम0 डी0 जॉनसन ड्यूक,मंजुल पब्लिशिंग हाऊस प्रा0 लि0
H-591,गबन,प्रेमचन्द्र,रावत प्रकाशन नई दिल्ली
H-592,स्वास्थ्य शिक्षा,डॉ0 एन0 पी0 शर्मा,खेल साहित्य सदन
H-593,डॉम्स केयर एंड ट्रेनिंग विद मेडिकल ट्रीटमेंन्ट,ख़़त्री,सुमित प्रकाशन
H-594,भारत के औषधीय पौधे,जियालाल यादव,रावत प्रकाशन
H-595,सामान्य ज्ञान 60 दिनों में,,मैन पब्लिकेशन
H-596,बैच फ्लावर रैमेडीज,दर्शन सिंह वोहरा,हेल्थ हारमोनी
H-597,छरहरा सौन्दर्य,अरुणा रीझसिंहानी,हेल्थ हारमोनी
H-598,स्वास्थ्य एक अनमोल उपहार,डॉ0 मृदुला पाण्डे,हेल्थ हारमोनी
H-599,प्रेक्षाध्यान और नशामुक्ति,मुनि लाल किशन,बी0 जैन पब्लिशर्स प्रा0 लि0
H-600,जल चिकित्सा एवं शट्कर्म,डॉ0 राजीव शर्मा,बी0 जैन पब्लिशर्स प्रा0 लि0
H-601,ब्लड प्रेशर,डॉ0 श्री नन्दन बन्सल,बी0 जैन पब्लिशर्स प्रा0 लि0
H-602,सांस लेने की कला (जीवन के चहुँमुखी विकास के लिए),नेन्सी जी,हेल्थ हारमोनी
H-603,स्मरणशक्ति कैसे बढ़ाएँ,एम0 सी0 श्रीवास्तव,मनोज पब्लिकेशन्स
H-604,सजग प्रहरी कुत्ता,डॉ0 उमेश कुमार दाँतरे,दीपक स्कैन एंड ऑफसेट प्रिन्टर्स प्रा0 लि0
H-605,मानव शरीर रचना एवं क्रिया विज्ञान,डॉ0 पी0 सी0 बुक्स,प्रखर बुक्स
H-606,राजनीति मेरी जान,पुण्य प्रसून वाजपेयी,अंतिका प्रकाशन गाजियाबाद (उ0 प्र0)
H-607,अपने समय के सवाल,विष्णु नागर,अंतिका प्रकाशन गाजियाबाद (उ0 प्र0)
H-608,कुछ भी तो रुमानी नही,मनीषा कुलश्रेष्ठ,अंतिका प्रकाशन गाजियाबाद (उ0 प्र0)
H-609,कामिनी काय कांतारे भाग - १,महेश कटारे,अंतिका प्रकाशन गाजियाबाद (उ0 प्र0)
H-610,कामिनी काय कांतारे भाग - २,महेश कटारे,अंतिका प्रकाशन गाजियाबाद (उ0 प्र0)
H-611,देखते रहिए,रवीश कुमार,अंतिका प्रकाशन गाजियाबाद (उ0 प्र0)
H-612,छछिया भर छाछ,महेश कटारे,अंतिका प्रकाशन गाजियाबाद (उ0 प्र0)
H-613,रेणु की आंचलिक कहानियाँ,रेणु दक्षिणेश्वर,वाणी प्रकाशन (नई दिल्ली)
H-614,आधी औरत आधा ख्वाब,चुगताई इस्मत,वाणी प्रकाशन (नई दिल्ली)
H-615,आदिवासी कथा,महाश्वेता देवी,वाणी प्रकाशन (नई दिल्ली)
H-616,मनोहर ष्याम जोशी की कहानियाँ,मनोहर श्याम जोशी,वाणी प्रकाशन (नई दिल्ली)
H-617,कल परसों के बरसों,ममता कालिया,वाणी प्रकाशन (नई दिल्ली)
H-618,खुदा की कसम भाग (१७),सआदत हसन मण्टो,वाणी प्रकाशन (नई दिल्ली)
H-619,तीन मोटी औरतें भाग (२३),सआदत हसन मण्टो,वाणी प्रकाशन (नई दिल्ली)
H-620,दो कौमें,सआदत हसन मण्टो,वाणी प्रकाशन (नई दिल्ली)
H-621,मैडम डिकॉस्टा भाग (१६),सआदत हसन मण्टो,वाणी प्रकाशन (नई दिल्ली)
H-622,झूठी है तेतरी दादी,स्ंाजीव,वाणी प्रकाशन (नई दिल्ली)
H-623,छोटे छोटे दुःख,तसलीमा नसरीन ,वाणी प्रकाशन (नई दिल्ली)
H-624,पॉल गोमरा का स्कूटर,उदय प्रकाश,वाणी प्रकाशन (नई दिल्ली)
H-625,वारेन हेस्टिंग्स का साँड,उदय प्रकाश,वाणी प्रकाशन (नई दिल्ली)
H-626,छब्बीस कहानियाँ,विजयदान देया,वाणी प्रकाशन (नई दिल्ली)
H-627,तीन सौ तीस कहावती कहानियाँ,विजयदान देया,वाणी प्रकाशन (नई दिल्ली)
H-628,आहत देश ,अरुन्धति रॉय,राजकमल प्रकाशन (नई दिल्ली)
H-629,आपका बंटी,मन्नू भंडारी,राधाकृष्ण प्रकाशन (नई दिल्ली)
H-630,अल्मा कबूतरी,पुष्पा मै़त्रेयी,राजकमल प्रकाशन (नई दिल्ली)
H-631,अम्मा,कमलेबूबर,राजकमल प्रकाशन (नई दिल्ली)
H-632,अलका,सूर्यकान्त त्रिपाठी निराला,राजकमल प्रकाशन (नई दिल्ली)
H-633,अनामदास का पोया,हजारी प्रसाद द्विवेदी,राजकमल प्रकाशन (नई दिल्ली)
H-634,अपराधी कौन,शिवानी,राधाकृष्ण प्रकाशन (नई दिल्ली)
H-635,आवारा भीड़ के खतरे,हरिशंकर परसाई,राजकमल प्रकाशन (नई दिल्ली)
H-636,बारह बजे रात के,कॉलिन्स लापियर,राधाकृष्ण प्रकाशन (नई दिल्ली)
H-637,बारामासी,ज्ञान चतुर्वेदी,राजकमल प्रकाशन (नई दिल्ली)
H-638,बसंती,साहनी भीष्म,राजकमल प्रकाशन (नई दिल्ली)
H-639,बशारत मंजिल,मंजूर एहतेशाम,राजकमल प्रकाशन (नई दिल्ली)
H-640,भारतीय श्रेष्ठ कहानियाँ खण्ड - १,कन्हैयालाल ओझा,लोकभारती प्रकाशन (इलाहाबाद )
H-641,भारतीय श्रेष्ठ कहानियाँ खण्ड - २,कन्हैयालाल ओझा,लोकभारती प्रकाशन (इलाहाबाद )
H-642,भूले बिसरे चित्र ,भगवतीचरण वर्मा,राजकमल प्रकाशन (नई दिल्ली)
H-643,चित्रलेखा,भगवतीचरण वर्मा,राजकमल प्रकाशन (नई दिल्ली)
H-644,जावेद अख्तर से बातचीत सिनेमा के बारे में,नसरीन मुन्नी कबीर,राजकमल प्रकाशन (नई दिल्ली)
H-645,दीवान-ए-मीर,सरदार अली जाफरी,राजकमल प्रकाशन (नई दिल्ली)
H-646,काशी का अस्सी,काशीनाथ सिंह,राजकमल प्रकाषन (नई दिल्ली)
H-647,कटरा बी आरजू,मासूम राही रज़ा,राजकमल प्रकाशन (नई दिल्ली)
H-648,कठघरे में लोकतंत्र,अरुन्धति रॉय,राजकमल प्रकाशन (नई दिल्ली)
H-649,खट्टर काका,हरिमोहन झॉ,राजकमल प्रकाशन (नई दिल्ली)
H-650,"बंसी की धुन,",मुंशी कन्हैयालाल ,राजकमल प्रकाशन (नई दिल्ली)
H-651,रुक्मिणीहरण - (भाग-२),मुंशी कन्हैयालाल मणिकलाल,राजकमल प्रकाशन (नई दिल्ली)
H-652,पाँच पांडव - (भाग-३),मुंशी कन्हैयालाल मणिकलाल,राजकमल प्रकाशन (नई दिल्ली)
H-653,महाबली भीम - (भाग-४),मुंशी कन्हैयालाल मणिकलाल,राजकमल प्रकाशन (नई दिल्ली)
H-654,सत्यभामा  - (भाग-५),मुंशी कन्हैयालाल मणिकलाल,राजकमल प्रकाशन (नई दिल्ली)
H-655,महामुनि व्यास - (भाग-६),मुंशी कन्हैयालाल मणिकलाल,राजकमल प्रकाशन (नई दिल्ली)
H-656,युधिष्ठिर - (भाग-७),मुंशी कन्हैयालाल मणिकलाल,राजकमल प्रकाशन (नई दिल्ली)
H-657,मैला आँचल,फणीश्वरनाथ रेणु,राजकमल प्रकाशन (नई दिल्ली)
H-658,मामूली चीजों का देवता,अरुन्धति रॉय,बुकर राजकमल
H-659,मोपांसा की संकलित कहानियाँ - (भाग-१),विश्व क्लासिक,राजकमल प्रकाशन (नई दिल्ली)
H-660,मेरा कुछ सामान,गुलजार,राधा कृष्ण प्रकाशन
H-661,पंजाब,खुशवंत सिंह,राजकमल प्रकाशन प्रकाशन (नई दिल्ली)
H-662,नीरजा ,महादेवी वर्मा,लोकभारती प्रकाशन प्रकाशन (इलाहाबाद )
H-663,निठल्ले की डायरी,हरिशंकर परसार्इ्र,राजकमल प्रकाशन (नई दिल्ली)
H-664,ओस की बूँद,मासूम राही रजा,राजकमल प्रकाशन (नई दिल्ली)
H-665,राग दरबारी,श्री लाल शुक्ल,राजकमल प्रकाशन (नई दिल्ली)
H-666,रश्मिरथी,रामधारी सिंह दिनकर,लोकभारती प्रकाशन (इलाहाबाद )
H-667,रेहन पर रग्धू,काशीनाथ सिंह,राजकमल प्रकाशन (नई दिल्ली)
H-668,रेत की मछली,भारती कान्ता,लोकभारती प्रकाशन (इलाहाबाद )
H-669,फैज़ फैज़ अहमद,सारे सुखन हमारे,राजकमल प्रकाशन दिल्ली)
H-670,सारा आकाश,राजेन्द्र यादव,राधा कृष्ण प्रकाशन
H-671,सूचना का अधिकार (व्यावहारिक मार्गदर्शिका),विष्णु राजगढ़िया,राजकमल प्रकाशन (नई दिल्ली)
H-672,सुनहुतात यह अकथ कहानी,शिवानी,राधा कृष्ण प्रकाशन
H-673,तीन उपन्यास ,हैदर कुर्रतुल ऐन,राजकमल प्रकाशन नई दिल्ली)
H-674,उमरावनगर में कुछ दिन,श्री लाल शुक्ल,राजकमल प्रकाशन (नई दिल्ली)
H-675,वैष्णव की फिसलन,हरिशंकर परसार्इ्र,राजकमल प्रकाशन (नई दिल्ली)
H-676,रामराज्य की कथा,यशपाल,लोकभारती प्रकाशन (इलाहाबाद)
H-677,सूफीवाद के आध्यात्मिक आयाम,जाफर रजा,लोकभारती प्रकाशन (इलाहाबाद)
H-678,विश्व की श्रेष्ठ कहानियाँ - १,ममता कालिया,लोकभारती प्रकाशन (इलाहाबाद)
H-679,विश्व की श्रेष्ठ कहानियाँ - २,ममता कालिया,लोकभारती प्रकाशन (इलाहाबाद)
H-680,सिंहावलोकन,यशपाल,लोकभारती प्रकाशन (इलाहाबाद)
H-681,गाँधीवाद की शव परीक्षा,यशपाल,लोकभारती प्रकाशन (इलाहाबाद)
H-682,मार्क्सवाद,यशपाल,लोकभारती प्रकाशन (इलाहाबाद)
H-683,हिन्दू बनाम हिन्दू,राममनोहर लोहिया,लोकभारती प्रकाशन (इलाहाबाद)
H-684,हिन्दी भाषा का उद्गम और विकास,उदय नारायण तिवारी,लोकभारती प्रकाशन (इलाहाबाद)
H-685,वैज्ञानिक भौतिकवाद,राहुल सांकृत्यायन,लोकभारती प्रकाशन (इलाहाबाद)
H-686,मानव - समाज,राहुल सांकृत्यायन,लोकभारती प्रकाशन (इलाहाबाद)
H-687,धुत्पल,भगवती चरण वर्मा,राजकमल प्रकाशन (नई दिल्ली)
H-688,केशर कस्तूरी,शिवमूर्ति,राजकमल प्रकाशन (नई दिल्ली)
H-689,अनुगूँज जिन्दगी की,कुसुम खेमानी,राजकमल प्रकाशन (नई दिल्ली)
H-690,जिद,राजेश जोशी,राजकमल प्रकाशन (नई दिल्ली)
H-691,तुलसीदास चंदन घिसै,हरिशंकर परसार्इ्र,राजकमल प्रकाशन (नई दिल्ली)
H-692,कामायनीः एक पुर्नविचारी,गजानन माधव मुक्तिबोध,राजकमल प्रकाशन (नई दिल्ली)
H-693,उत्तराधिकार बनाम पुत्रधिकार,अरविंद जैन,राजकमल प्रकाशन (नई दिल्ली)
H-694,अंधविश्वास उन्मूलन (भाग - १),डॉ0 नरेन्द्र दामोलकर,राजकमल प्रकाशन (नई दिल्ली)
H-695,अंधविश्वास उन्मूलन (भाग - २),डॉ0 नरेन्द्र दामोलकर,राजकमल प्रकाशन (नई दिल्ली)
H-696,अंधविश्वास उन्मूलन (भाग - ३),डॉ0 नरेन्द्र दामोलकर,राजकमल प्रकाशन (नई दिल्ली)
H-697,एशिया के महान वैज्ञानिक (विज्ञान),गुणाकर मुले,राजकमल प्रकाशन (नई दिल्ली)
H-698,अजीब आदमी (उपन्यास),इस्मत चुगताई,राजकमल प्रकाशन (नई दिल्ली)
H-699,पितृ़ऋण,प्रभु जोशी,राजकमल प्रकाशन (नई दिल्ली)
H-700,प्रेम कहानियाँ रिश्तो की,मनीषा कुलश्रेष्ठ,राजकमल प्रकाशन (नई दिल्ली)
H-701,जमीन पक रही है,केदारनाथ सिंह,राजकमल प्रकाशन (नई दिल्ली)
H-702,अशोक वाजपेयी चयन नंदकिशोर नवल,खुल गया है द्वार एक,राजकमल प्रकाशन (नई दिल्ली)
H-703,मणिकर्णिका,तुलसीराम,राजकमल प्रकाशन (नई दिल्ली)
H-704,हिन्दी समीक्षा और आचार्य शुक्ल,"नामवर सिंह सं, ज्ञानेन्द्र कुमार संतोष",राजकमल प्रकाशन (नई दिल्ली)
H-705,चारु चंद्रलेख,हजारी प्रसाद द्विवेदी,राजकमल प्रकाशन (नई दिल्ली)
H-706,कुल्लीभाच,सूर्यकान्त त्रिपाठी निराला,राजकमल प्रकाशन (नई दिल्ली)
H-707,टोपी शुक्ला,राही मासूम रजा,राजकमल प्रकाशन (नई दिल्ली)
H-708,मैं और मैं,मृदुला गर्ग,राजकमल प्रकाशन (नई दिल्ली)
H-709,विसात; तीन बहनेे तीन आख्यान,मृदुला गर्ग,राजकमल प्रकाशन (नई दिल्ली)
H-710,सितारों की रातें,शोभा डे,राजकमल प्रकाशन (नई दिल्ली)
H-711,सम्पूर्ण कहानियाँ,फणीश्वरनाथ रेणु,राजकमल प्रकाशन (नई दिल्ली)
H-712,दीवान-ए-गालिब,अली सरदार जाफरी,राजकमल प्रकाशन (नई दिल्ली)
H-713,भगतसिंह और उनके साथियों के दस्तावेज,"जगमोहन सिंह, चमनलाल",राजकमल प्रकाशन (नई दिल्ली)
H-714,हिन्दू होने का धर्म,प्रभात जोशी,राजकमल प्रकाशन (नई दिल्ली)
H-715,"भाजपा, हिन्दुत्व और मुसलमान",वेदप्रताप वैदिक,राजकमल प्रकाशन (नई दिल्ली)
H-716,हिन्दी की शब्द संपदा,विधानिवास मिश्र,राजकमल प्रकाशन (नई दिल्ली)
H-717,नाकोहस,पुरुशोत्तम अग्रवाल,राजकमल प्रकाशन (नई दिल्ली)
H-718,आदमी की निगाह में औरत,राजेंद्र यादव,राजकमल प्रकाशन (नई दिल्ली)
H-719,नमो अंधकार,दूधनाथ सिंह,राधा कृष्ण प्रकाशन
H-720,घर,विभूति नारायण राय,राधा कृष्ण प्रकाशन
H-721,अमीरी रेखा,कुमार अंबुज,राधा कृष्ण प्रकाशन
H-722,फासीवादी संस्कृति और सेकुलर पॉप-संस्कृति,सुधीश चौधरी,राधा कृष्ण प्रकाशन
H-723,पीली छतरी वाली लड़की,उदय प्रकाश,वाणी प्रकाशन (नई दिल्ली)
H-724,गलिब छूटी शराब,रवीन्द्र कालिया,वाणी प्रकाशन (नई दिल्ली)
H-725,मानव सभ्यता का विकास,रामविलास शर्मा,वाणी प्रकाशन (नई दिल्ली)
H-726,सामान्य हिन्दी व्याकरण तथा रचना,श्री कृष्ण पांडेय,वाणी प्रकाशन (नई दिल्ली)
H-727,नरक मसीहा,मोरवाल अग्रवाल,राजकमल प्रकाशन (नई दिल्ली)
H-728,चित्तकोबरा,मृदुला गर्ग,राजकमल प्रकाशन (नई दिल्ली)
H-729,आजादी मेरा ब्रांड,अनुराधा बेनीवाल,राजकमल प्रकाशन (नई दिल्ली)
H-730,भारत का इतिहास,रोमिला थापर,राजकमल प्रकाशन (नई दिल्ली)
H-731,प्राचीन भारत की संस्कृति और सभ्यता,धर्मानंद दामोदर कोसंबी,राजकमल प्रकाशन (नई दिल्ली)
H-732,लोकभारती बृहत् प्रमाणिक हिंदी कोश,लोकभारती बृहत् प्रमाणिक हिंदी कोश (आचार्य रामचंद्र वर्मा),लोकभारती प्रकाशन (इलाहाबाद)
H-733,पच्चीस बरस पच्चीस कहानियाँ,अर्चना वर्मा,राजकमल प्रकाशन (नई दिल्ली)
H-734,पहला पड़ाव,श्री लाल शुक्ला,राजकमल प्रकाशन (नई दिल्ली)
H-735,लोकभारती हिंदी मुहावरे और लोकोक्ति कोश,बदरीनाथ कपूर,लोकभारती प्रकाशन (इलाहाबाद)
H-736,प्रयोजन मूलक हिन्दी,डॉ0 पी0 लता,लोकभारती प्रकाशन (इलाहाबाद)
H-737,मुर्दहिया,डॉ0 तुलसीराम,राजकमल प्रकाशन (नई दिल्ली)
H-738,मार्क्सवाद,यशपाल,लोकभारती प्रकाशन (इलाहाबाद)
H-739,दस्तावेज - १ मंटो,सआदत हसन,राजकमल प्रकाशन (नई दिल्ली)
H-740,दस्तावेज - २ मंटो,सआदत हसन,राजकमल प्रकाशन (नई दिल्ली)
H-741,दस्तावेज - ३ मंटो,सआदत हसन,राजकमल प्रकाशन (नई दिल्ली)
H-742,दस्तावेज - ४ मंटो,सआदत हसन,राजकमल प्रकाशन (नई दिल्ली)
H-743,दस्तावेज - ५ मंटो,सआदत हसन,राजकमल प्रकाशन (नई दिल्ली)
H-744,अकथ कहानी प्रेम की,पुरुषोत्तम अग्रवाल,राजकमल प्रकाशन (नई दिल्ली)
H-745,भगत सिंह और उनके साथियों के दस्तावेज,जगमोहन सिंह,राजकमल प्रकाशन (नई दिल्ली)
H-746,तीन उपन्यास,कुरतल एवं हैदर,राजकमल प्रकाशन (नई दिल्ली)
H-747,अनामदास का पौधा,हजारी प्रसाद द्विवेदी,राजपाल एंड सन्स दिल्ली
H-748,बिस्रामपुर का सन्त,श्री लाल शुक्ल,राजपाल एंड सन्स दिल्ली
H-749,मुर्दहिया - आत्मकथा का,डॉ0 तुलसीराम,राजपाल एंड सन्स दिल्ली
H-750,स्त्रियों की पराधीनता,जॉन स्टुअर्ट मिल,राजपाल एंड सन्स दिल्ली
H-751,कितने चौराहे,फणीश्वरनाथ रेणु,राजपाल एंड सन्स दिल्ली
H-752,रेहन पर रग्धु,काशीनाथ सिंह,राजपाल एंड सन्स दिल्ली
H-753,चित्तकोबरा,मृदुला गर्ग,राजपाल एंड सन्स दिल्ली
H-754,नरक ले जाने वाली लिफ्ट,राजेन्द्र यादव,राजपाल एंड सन्स दिल्ली
H-755,आवारा भीड़ के खतरे,हरिशंकर परसाई,प्रभात प्रकाशन दिल्ली
H-756,आजादी मेरा ब्रांड,अनुराधा बेनीवाल,प्रभात प्रकाशन दिल्ली
H-757,समय का संक्षिप्त इतिहास,स्टीफन हॉकिंग,राजकमल प्रकाशन (नई दिल्ली)
H-758,सीमाएँ टूटती हैं,श्री लाल शुक्ल,राजकमल प्रकाशन (नई दिल्ली)
H-759,धैर्य सत्ता और हिंसा,राम बुनियादी,राजकमल प्रकाशन (नई दिल्ली)
H-760,भारतीय दर्शन भाग - १,डॉ0 राधाकृष्णन ,राजकमल प्रकाशन (नई दिल्ली)
H-761,भारतीय दर्शन भाग - २,डॉ0 राधाकृष्णन,राजकमल प्रकाशन (नई दिल्ली)
H-762,कश्मीरनामा,अशोक कुमार पाण्डेय,राजकमल प्रकाशन (नई दिल्ली)
H-763,किरदार,मनीष कुलश्रेष्ठ,राजकमल प्रकाशन (नई दिल्ली)
H-764,वय रक्षामः,आचार्य चतुरसेन,राजकमल प्रकाशन (नई दिल्ली)
H-765,नाइट ट्रेन एट देओली,रस्किन बांड,राजकमल प्रकाशन (नई दिल्ली)
H-766,भगत सिंह पत्र और दस्तावेज,वीरेन्द्र सिंधु,राजकमल प्रकाशन (नई दिल्ली)
H-767,महाभारत,अमृतलाल नागर,राजकमल प्रकाशन (नई दिल्ली)
H-768,अज्ञातवास,श्री लाल शुक्ल,राजकमल प्रकाशन (नई दिल्ली)
H-769,रोमाचंक विज्ञान कथाएँ,जयंत विष्णु नाखीकर,राजकमल प्रकाशन (नई दिल्ली)
H-770,पंचकन्या,मनीष कुलश्रेश्ठ,राजकमल प्रकाशन (नई दिल्ली)
H-771,हरवदन,गिरीश कारनाद,राधा कृष्ण प्रकाशन (नई दिल्ली)
H-772,द् विखंडित,तस्लीमा नसरीन,वाणी प्रकाशन (नई दिल्ली)
H-773,पीली छतरी वाली,उदय प्रकाश,वाणी प्रकाशन (नई दिल्ली)
H-774,पॉल गोमरा,उदय प्रकाश,वाणी प्रकाशन (नई दिल्ली)
H-775,हिडिम्बा,नरेन्द्र कोहली,वाणी प्रकाशन (नई दिल्ली)
H-776,मनोहर श्याम जोशी की कहानियाँ,मनोहर श्याम जोशी,वाणी प्रकाशन (नई दिल्ली)
H-777,गलिय छूटी शराब,रवीन्द्र कालिया,वाणी प्रकाशन (नई दिल्ली)
H-778,नीला चाँद,शिवप्रलाह,वाणी प्रकाशन (नई दिल्ली)
H-779,तीन सौ तीस कहावती कहानियाँ,विजयगन देवा,वाणी प्रकाशन (नई दिल्ली)
H-780,छब्बीस कहानियाँ,विजयगन देवा,वाणी प्रकाशन (नई दिल्ली)
H-781,कुफ ,तहमीना दुर्रानी,वाणी प्रकाशन (नई दिल्ली)
H-782,दौड़,ममता कालिया,वाणी प्रकाशन (नई दिल्ली)
H-783,विज्ञान प्रश्नोत्तरी,सुर्दशन भाटिया,"शाही प्रकाशन, (नई दिल्ली)"
H-784,शिखण्डी और कुछ अनसुनी कहानियाँ,पट्टनायक देवदन्त,राजपाल
H-785,भारत में देवी अनन्तनारीत्व के पाँच स्वरुप,पट्टनायक,राजपाल
H-786,चिन्तामणि,आचार्य रामचन्द्र शुक्ल,श्री प्रकाशन दिल्ली
H-787,तुलसीदास,आचार्य रामचन्द्र शुक्ल,श्री प्रकाशन दिल्ली
H-788,दर्शन दिग्दर्शन,राहुल सांकृत्यायन,किताब महल
H-789,पशु,पट्टनायक देवदन्त,राजपाल
H-790,विष्णु के सात रहस्य,पट्टनायक देवदन्त,राजपाल
H-791,शिव के सात रहस्य,पट्टनायक देवदन्त,राजपाल
H-792,ओमबुक इन्टरनेशनल प्रेमचन्द्र की सर्वश्रेष्ठ कहानियाँ,ओम,ओमबुक
H-793,भारतीय दर्शन क्रमांक - १,डॉ0 राधा कृष्णन,राजपाल
H-794,भारतीय दर्शन क्रमांक - २,डॉ0 राधा कृष्णन,राजपाल
H-795,वाह जिंदगी वाह,सुनील होंडा,प्रभात प्रकाशन दिल्ली
H-796,भारतीय पौराणिक कथाएँ,पट्टनायक देवदन्त,राजपाल
H-797,बाल्मीकि रामायण,आनन्द कुमार,राजपाल
H-798,ग्वालियर के गली मोहल्ले द्वितीय खण्ड,माता ¬प्रसाद शुक्ल,साईं कम्प्यूटर संस्करण
H-799,पश्चिमी भारत की यात्रा,टॉड जेम्स कर्नल,ग्रन्थ विकास
H-800,शिवाजी सुराज,अनिल माधव दवे,प्रभात प्रकाशन दिल्ली
H-801,भारतीय कला एवं संस्कृति,नितिन सिंहानिया,मैक्ग्रा हिल एजुकेशन इण्डिया प्राइवेट लि0
H-802,वस्तुनिष्ठ सामान्य ज्ञान,निरिज चन्द्र चौधरी,ल्यूसेन्ट
H-803,वर्बल रीजनिंग,धीरज कुमार सिंह,ल्यूसेन्ट
H-804,प्रसिद्ध वैज्ञानिक और उनके आविष्कार,सुरजीत,प्रतिभा प्रकाशन
H-805,इलैक्ट्रीशियन थ्योरी,स्टुडेण्ट प्रकाशन,सत्रवार जे0 पी0 सिंह
H-806,हिंदी विश्वकोश खण्ड - १,प्रो0 इंद्रनाथ चौधरी ,केन्द्रीय हिंदी संस्थान आगरा
H-807,हिंदी विश्वकोश खण्ड - २,प्रो0 इंद्रनाथ चौधरी ,केन्द्रीय हिंदी संस्थान आगरा
H-808,सामान्य हिन्दी,ल्यूसेन्ट कुमार एस,ल्यूसेन्ट प्रकाशन
H-809,कहावतकोश                                                  ,रमन आर0 एस0,निधि बुक सेन्टर दिल्ली
H-810,इजीनियरिंग ड्राइंग मैकेनिकल,देवेन्द्र कुमार,अरिहन्त प्रकाशन मेरठ
H-811,इलैक्ट्रिकल प्रैक्टिकल सत्रवार,आशीश कुमार,अरिहन्त प्रकाशन मेरठ
H-812,व्यवसायिक विज्ञान एवं गणना,एस0 के0 भटनागर,अरिहन्त प्रकाशन मेरठ
H-813,फिटर थ्योरी सत्रवार,आर0 एन0 गर्ग,अरिहन्त प्रकाशन मेरठ